name,code,1960,1961,1962,1963,1964,1965,1966,1967,1968,1969,1970,1971,1972,1973,1974,1975,1976,1977,1978,1979,1980,1981,1982,1983,1984,1985,1986,1987,1988,1989,1990,1991,1992,1993,1994,1995,1996,1997,1998,1999,2000,2001,2002,2003,2004,2005,2006,2007,2008,2009,2010,2011,2012,2013,2014,2015,2016,2017,2018
Aruba,ABW,,,,,,,,,,,,,,,,,,,,,,,,,,,,,,,,,,,,,,,,,,,,,,,,,,,,,,,,,,,
Afghanistan,AFG,,,,,,,,,,,1.629606,,,1.86891,1.610825,1.722066,2.046087,2.011475,,,,,,,,,,,,,,,,,,,,,,,,,,,2.431258,1.992068,1.896234,2.566268,2.335547,2.087413,1.945837,1.821346,1.175417,1.07695,1.298013,0.993455,0.955493,0.943963,0.984561
Angola,AGO,,,,,,,,,,,,,,,,,,,,,,,,,,0.000017,0.000017,22.25,21.9805,19.432333,17.463667,7.1025,5.682831,17.522589,5.709281,4.707393,2.447848,5.972268,2.642012,17.334692,6.392603,4.524354,2.869932,3.761479,3.47118,3.692241,3.761495,3.114054,3.57312,4.704389,4.177585,3.25566,3.236659,4.455239,4.698455,3.105426,2.733341,2.421113,1.777138
Albania,ALB,,,,,,,,,,,,,,,,,,,,,6.052022,5.848317,5.651596,5.441282,6.117505,5.651426,5.626187,5.862229,5.617317,5.167613,5.888301,5.79127,4.670888,3.199451,2.547819,2.053587,1.37903,1.283081,1.238243,1.24921,1.24636,1.309291,1.320034,1.336843,1.381158,1.350005,1.567769,1.820765,1.984869,1.517217,1.558592,1.528266,1.487083,1.408982,1.346516,1.162304,1.101508,1.107551,1.178901
Andorra,AND,,,,,,,,,,,,,,,,,,,,,,,,,,,,,,,,,,,,,,,,,,,,,,,,,,,,,,,,,,,
United Arab Emirates,ARE,,,,,,,,,,,,,,,,,,,,,,,,,,,,,,,,,,,,,,6.759061,8.629721,7.669538,8.323722,5.612106,4.875532,4.692306,4.611478,3.656471,3.225974,3.280521,3.668023,5.457108,6.038592,5.466315,5.075556,6.034686,5.643651,,,,
Argentina,ARG,1.55,2.14,2.66,1.68,1.15,1.07,1.168,1.4,1.685714,1.9375,1.877778,1.807692,1.82381,1.848571,1.659184,2.041958,3.781291,4.0086,4.719144,4.673356,3.098958,3.465347,2.704558,2.738813,2.162039,2.299717,2.313679,2.284387,2.124939,1.880366,1.450909,1.506927,1.421222,1.422803,1.457039,1.473073,1.241227,1.140139,1.136318,1.22036,1.148823,1.184234,1.09188,1.060895,0.883295,0.847155,0.788234,0.792548,0.762756,0.886509,0.814878,0.764287,0.784825,0.837736,0.878101,0.850129,0.81314,0.856138,0.854561
Armenia,ARM,,,,,,,,,,,,,,,,,,,,,,,,,,,,,,,,,2.20339,2.296644,,4.059312,3.281867,3.909399,3.528096,3.697374,3.560025,3.127249,2.697715,2.728372,2.741997,2.871931,2.947613,3.042575,3.395579,4.15705,4.265646,3.853946,3.583767,3.997245,3.943378,4.239226,4.083057,3.839826,4.778338
American Samoa,ASM,,,,,,,,,,,,,,,,,,,,,,,,,,,,,,,,,,,,,,,,,,,,,,,,,,,,,,,,,,,
Antigua and Barbuda,ATG,,,,,,,,,,,,,,,,,,,,,,,,,,,,,,,,,,,,,,,,,,,,,,,,,,,,,,,,,,,
Australia,AUS,2.369545,2.41514,2.363695,2.446635,2.648243,2.952293,3.451383,3.793764,3.837274,3.38592,2.966036,2.763152,2.685621,2.379347,2.262803,2.267316,2.216612,2.247202,2.215689,2.192729,2.248957,2.296602,2.393265,2.519812,2.505234,2.523268,2.54043,2.372989,2.161815,2.051828,2.075906,2.168043,2.168746,2.17803,2.116599,2.021313,1.93044,1.867334,1.871122,1.889236,1.829842,1.870094,1.873965,1.84629,1.827411,1.801854,1.821843,1.8146,1.797239,1.92918,1.8624,1.76939,1.679917,1.649533,1.781295,1.958451,2.09285,2.007966,1.89156
Austria,AUT,1.458186,1.309338,1.352072,1.579668,1.8873,1.507213,1.624405,1.609166,1.542675,1.499257,1.38013,1.246107,1.202287,1.184989,1.276883,1.451278,1.365197,1.345952,1.429213,1.433846,1.420246,1.380052,1.412997,1.391176,1.414158,1.512624,1.508759,1.416678,1.299181,1.234155,1.19566,1.154217,1.099214,1.115585,1.094453,1.073232,1.049683,1.046434,1.018073,0.980246,0.980319,0.90824,0.883528,0.91364,0.89348,0.850143,0.785813,0.900457,0.870705,0.83338,0.821233,0.790898,0.778464,0.750825,0.74778,0.698138,0.732545,0.756179,0.735993
Azerbaijan,AZE,,,,,,,,,,,,,,,,,,,,,,,,,,,,,,,,,2.400226,5.000468,1.946585,2.736901,2.25423,2.32405,2.412356,2.62511,2.267862,2.312063,2.243314,2.426363,2.629481,2.29907,3.417759,2.864195,3.291211,3.325422,2.791004,4.754533,4.725552,4.578198,4.557817,5.467682,3.715428,3.847315,3.773694
Burundi,BDI,,,3.943794,0.434783,0.44562,1.352337,1.382288,1.332607,1.414223,1.754491,,1.032409,1.458671,1.946212,2.225083,2.056807,2.223601,2.533382,2.796374,2.643715,2.918803,3.03033,3.507025,3.104809,2.975401,2.751173,2.805413,2.64914,3.145245,3.349522,3.448712,3.786271,3.595638,3.720276,3.921111,4.209073,5.856885,6.359653,6.572273,6.257644,4.862402,6.071737,5.441679,5.533435,4.903267,4.43619,3.511718,3.414595,2.720891,,,,2.527178,2.367638,2.11909,2.201863,2.115625,1.870652,1.882161
Belgium,BEL,3.397348,3.25907,3.284752,3.216631,3.213472,2.973064,3.112586,3.134582,3.11509,2.931815,2.91864,2.898926,2.88076,2.835311,2.761416,3.065035,3.09337,3.143249,3.261522,3.261345,3.250195,3.366049,3.269945,3.191413,3.007902,2.931234,2.953773,2.901795,2.628748,2.460854,2.35544,2.287693,1.832333,1.735966,1.677143,1.565752,1.540103,1.476976,1.463919,1.385836,1.34121,1.276504,1.215712,1.214988,1.149272,1.09156,1.051239,1.094535,1.213898,1.16004,1.084633,1.043507,1.038193,1.010349,0.978038,0.921875,0.918617,0.910371,0.925791
Benin,BEN,0.871585,1.395288,1.751634,1.736842,2.181699,2.106509,1.900233,1.976252,2.072125,1.894737,1.625282,1.601042,1.487794,1.677528,1.442379,1.492908,1.281648,1.678788,1.194307,1.93046,2.031651,1.551371,1.30569,1.621794,2.02029,1.894109,1.967419,2.278273,2.270626,1.898816,1.674381,,,,,,,,,0.663366,0.564236,0.48926,0.851158,0.884527,0.924056,0.930658,0.909882,,0.907451,,,,0.959469,0.939212,0.957933,1.096303,0.928169,1.264103,0.863004
Burkina Faso,BFA,0.682018,0.834369,2.345703,2.383057,2.605159,1.524823,1.649485,1.325073,1.178481,1.246722,1.172239,1.177165,1.139854,1.235187,1.151908,2.811184,3.123829,3.043267,3.283146,2.698614,2.746691,2.84269,3.003304,2.932183,3.017167,1.836525,2.621893,2.252586,2.310813,2.740774,2.704893,2.166869,2.049652,1.86253,1.422885,1.383043,1.287088,1.417055,1.276363,1.385531,1.392163,1.29979,1.32441,1.207283,1.357968,1.351394,1.249087,1.592268,1.397904,1.521455,1.377516,1.29476,1.323024,1.392049,1.439244,1.326933,1.233366,1.427258,2.059186
Bangladesh,BGD,,,,,,,,,,,,,,0.656721,0.604303,0.844783,1.523679,1.569978,1.268985,0.934293,0.857421,0.915832,1.06087,1.270674,1.178042,1.054273,1.112192,1.168233,1.246388,1.290862,1.223165,1.214423,1.360503,1.429391,1.529024,1.566693,1.539074,1.571668,1.567535,1.584834,1.357119,1.288423,1.185764,1.138287,1.123506,1.090894,1.108239,1.11448,1.05953,1.156731,1.320837,1.355518,1.324419,1.258198,1.279412,1.35097,1.379672,1.375058,1.364917
Bulgaria,BGR,,,,,,,,,,,,,,,,,,,,,,,,,,,,,,4.396271,3.833443,3.043232,2.972634,2.609272,2.492617,2.374131,2.402934,2.430701,2.453059,2.645172,2.67117,2.884461,2.80126,2.712021,2.506946,2.360077,2.200338,2.324153,1.90775,1.856523,1.765384,1.443803,1.498164,1.61923,1.470939,1.316396,1.419314,1.421706,1.688432
Bahrain,BHR,,,,,,,,,,,,,,,,1.52618,1.752287,2.077922,4.958131,5.892752,5.698891,6.902582,8.535162,4.790336,4.179306,4.588158,5.837762,5.253254,5.603046,5.644662,5.284792,5.703751,5.878072,5.369855,5.111302,5.183232,5.27394,5.068487,5.333104,5.503622,3.961671,4.148082,4.611107,4.658833,4.044929,3.214394,3.102997,2.956985,2.800165,3.610531,3.277759,3.591496,3.844574,4.14144,4.418593,4.632877,4.725706,4.38906,3.595485
"Bahamas, The",BHS,,,,,,,,,,,,,,,,,,,,,,,,,,,,,,,,,,,,,,,,,,,,,,,,,,,,,,,,,,,
Bosnia and Herzegovina,BIH,,,,,,,,,,,,,,,,,,,,,,,,,,,,,,,,,,,,,,,,,,,3.904373,2.416698,1.889603,1.54422,1.386533,1.236153,1.220612,1.376586,1.280341,1.13643,1.145572,1.087056,1.025827,1.000727,0.934025,0.906093,1.111913
Belarus,BLR,,,,,,,,,,,,,,,,,,,,,,,,,,,,,,,,,1.622499,2.790971,3.621608,1.699464,1.260693,1.768967,1.495099,1.366761,1.346984,1.438291,1.400246,1.299064,1.358222,1.498453,1.709412,1.649766,1.453493,1.372577,1.341383,1.224495,1.243905,1.285766,1.282563,1.28184,1.264152,1.162417,1.265447
Belize,BLZ,,,,,,,,,,,,,,,,,,,,,,1.15897,1.437587,1.534381,1.543919,1.559826,,,,1.199332,1.176307,1.094053,1.021547,1.095492,1.360437,1.298851,1.242145,1.435666,,,0.855252,0.85504,0.839627,0.863556,0.896739,0.961314,1.008915,1.06614,1.367606,1.291562,1.097792,1.036944,0.967153,1.101746,1.167118,1.131539,1.247544,1.323025,1.262456
Bermuda,BMU,,,,,,,,,,,,,,,,,,,,,,,,,,,,,,,,,,,,,,,,,,,,,,,,,,,,,,,,,,,
Bolivia,BOL,,1.203464,1.1587,1.326412,,,,,1.350152,1.318225,1.612216,1.391586,1.595542,1.622636,1.836654,2.371237,2.367157,2.247499,2.59897,2.708461,3.1724,3.902203,1.981847,1.499321,2.170842,2.013993,2.345549,2.377263,2.020981,2.156289,2.815883,2.688325,2.506119,1.91635,2.250301,2.096162,1.986808,2.27361,2.691111,2.133287,2.062971,2.264906,2.029452,2.145793,1.924982,1.772543,1.567656,1.686581,1.962268,1.994102,1.666244,1.68412,1.845595,1.840907,1.896841,1.743971,1.634421,1.542397,1.49655
Brazil,BRA,2.679135,2.364066,2.398683,2.260839,2.014498,3.352092,3.021982,2.856972,2.64974,2.61559,2.88729,2.619047,2.435812,2.154651,1.941353,1.972144,2.002753,1.687726,1.599672,1.521932,1.138434,1.143149,1.303534,1.25458,1.199541,1.429523,1.220389,1.743994,2.118072,2.68625,2.363841,1.963333,1.521529,1.927923,2.016008,1.862137,1.654844,1.577688,1.662292,1.645475,1.730726,1.951882,1.895771,1.503478,1.461268,1.524013,1.481085,1.466292,1.441924,1.538626,1.539407,1.411851,1.378656,1.329446,1.330244,1.365517,1.350151,1.419527,1.474902
Barbados,BRB,,,,,,,,,,,,,,,,,,,,,,,,,,,,,,,,,,,,,,,,,,,,,,,,,,,,,,,,,,,
Brunei Darussalam,BRN,,,,,,,,,,,,,,,,,,,,,,,,,2.574084,2.887788,4.67073,3.792515,6.629977,6.210436,6.437735,6.40435,6.245145,5.740232,5.982471,5.477266,6.249494,7.183965,7.529844,6.130418,4.069205,3.886398,3.870783,3.71142,2.53273,2.349428,2.303963,2.380152,2.261792,2.941072,2.850488,2.242241,2.159034,2.277508,3.086861,3.27929,3.539385,2.865124,2.370099
Bhutan,BTN,,,,,,,,,,,,,,,,,,,,,,,,,,,,,,,,,,,,,,,,,,,,,,,,,,,,,,,,,,,
Botswana,BWA,,,,,,,,,,,,,,,,,,1.356573,2.874909,3.501499,3.207621,2.978298,2.694744,2.326338,2.437271,2.184731,2.663596,4.794415,4.899677,3.56901,4.445158,4.60347,4.482809,4.933492,4.00812,3.50648,2.899521,3.197205,3.779399,3.092074,3.191243,3.831223,4.110206,4.007367,3.505874,2.858004,2.695121,2.801455,3.036968,3.215591,2.726857,2.316701,2.209757,2.056396,2.130859,2.66287,3.304742,3.021656,2.782322
Central African Republic,CAF,,,,,,,,,,,,,,,,,,,,,,,,,,,,,,,,1.568069,1.642125,1.497088,1.255883,1.166782,1.210192,,,,,,1.109131,1.3531,1.201693,1.151236,,1.125879,1.587182,1.816207,2.597425,2.271559,1.970129,3.155824,2.25539,1.686089,1.528333,1.435513,1.40861
Canada,CAN,4.185257,4.128312,3.999216,3.62065,3.402063,2.930261,2.683282,2.747927,2.543642,2.273785,2.18898,2.131486,2.011818,1.832602,1.783813,1.863542,1.765928,1.805764,1.848887,1.711246,1.764449,1.709916,1.954344,2.081196,2.117189,2.097376,2.109197,2.062576,1.986767,1.934614,1.958794,1.895444,1.861688,1.821754,1.69668,1.55409,1.403753,1.246243,1.256294,1.241703,1.118081,1.137369,1.120852,1.115879,1.107966,1.11067,1.125832,1.188902,1.248621,1.381044,1.197154,1.196084,1.1211,1.004858,0.992271,1.150126,1.158459,1.293395,1.252629
Switzerland,CHE,2.34145,2.469077,2.567568,2.516337,2.535856,2.467959,2.530793,2.382374,2.176518,2.197924,2.103347,2.052527,1.968126,1.861449,1.875974,1.900753,2.162581,2.022087,1.967364,2.039799,1.678607,1.662802,1.728195,1.748806,1.701248,1.824972,1.661022,1.561866,1.564805,1.524165,1.572147,1.537825,1.523709,1.366964,1.332284,1.355496,1.283757,1.220864,1.185204,1.086212,1.02928,0.99188,0.956388,0.92663,0.888925,0.852623,0.77255,0.734437,0.739302,0.748965,0.704958,0.710979,0.687405,0.730988,0.650436,0.665028,0.682321,0.681602,0.675557
Channel Islands,CHI,,,,,,,,,,,,,,,,,,,,,,,,,,,,,,,,,,,,,,,,,,,,,,,,,,,,,,,,,,,
Chile,CHL,3.118406,3.527447,3.043709,2.865396,2.635187,2.885713,2.735921,2.713633,2.527068,2.2609,4.450451,6.264815,6.625414,6.283821,7.109561,6.742537,6.085051,6.915245,6.728122,6.332556,6.482093,7.022119,8.877268,7.575223,7.605406,6.900609,6.288002,5.638071,4.139996,3.59003,3.401655,2.849843,2.62851,2.706923,2.597545,2.562065,2.449321,2.498202,2.589837,2.713632,2.703282,2.667495,2.552093,2.733843,2.707975,2.521503,2.490832,2.318802,2.585832,2.26704,2.242235,2.256043,2.046942,1.986419,1.958208,1.897862,1.918483,1.935613,1.887384
China,CHN,,,,,,,,,,,,,,,,,,,,,,,,,,,,,,2.480187,2.493258,2.34691,2.484759,1.961907,1.724968,1.716337,1.686051,1.674802,1.7033,1.922053,1.887354,2.073943,2.175142,2.102032,2.052273,1.988864,1.994653,1.904311,1.875689,2.062688,1.907437,1.834158,1.836452,1.866944,1.905848,1.907086,1.924947,1.89651,1.865937
Cote d'Ivoire,CIV,,,1.275534,0.998989,1.14393,1.319699,1.263566,1.312659,1.16049,1.148796,1.181007,1.500341,1.695634,1.130343,1.339648,1.17843,1.118886,0.794769,1.098093,1.123772,1.164287,1.091036,1.142168,1.115047,1.02559,0.99697,1.053529,1.217099,1.249141,1.330375,1.333435,1.374856,1.407454,1.428552,1.096734,,0.844919,0.796852,,,,,,1.391605,1.515072,1.462534,1.501949,1.590764,1.522856,1.730239,1.557966,1.392028,1.521417,1.375387,1.475969,1.740119,1.690104,1.277401,1.357657
Cameroon,CMR,,,,,,,,,,,1.872128,1.84267,1.762855,1.760674,1.691941,1.727594,1.762325,1.71585,1.665117,1.655364,1.555818,1.818916,1.990519,1.890684,1.740219,1.339836,1.217823,1.250025,1.284796,1.333689,1.474567,1.514552,1.532606,1.326125,1.31034,1.251645,1.224838,1.301242,1.396509,1.443852,1.324749,1.29036,1.338507,1.383807,1.401604,1.344861,1.431105,1.452145,1.486074,1.468118,1.498801,1.306926,1.338951,1.328671,1.252831,1.245103,1.321469,1.306176,1.250329
"Congo, Dem. Rep.",COD,,,,,0.000039,,0.000043,,0.000042,0.000042,0.000055,0.000049,0.00004,0.000035,0.000053,0.000045,0.000034,0.000035,0.000033,0.00003,,,,,,,,,,,,,,5.226086,,,1.546801,1.410851,0.428454,1.158151,0.220261,,,0.880646,1.336604,1.380795,1.434634,1.254076,0.833061,0.670096,0.889891,0.971597,1.206672,1.146178,0.950246,1.278151,0.948691,0.737512,0.668777
"Congo, Rep.",COG,,,,,,,,,,,4.860403,4.600243,3.52967,4.220273,4.240876,4.497494,4.731834,4.95322,4.319718,4.393713,3.365982,3.187096,3.345046,,2.253104,2.575196,,4.374167,,,,,4.287556,4.077874,,,,,,,,1.948494,2.341204,2.682498,2.673874,1.657894,1.637115,2.260495,2.0413,,1.778276,,,2.617795,5.007371,,6.38323,4.268297,2.546955
Colombia,COL,1.884323,2.143256,3.099415,3.51514,3.180804,3.190947,3.165245,3.117365,2.385372,2.054924,2.259547,3.374174,1.967196,1.690245,1.57578,1.740268,1.493603,1.438487,1.550319,1.673929,1.830122,1.75512,1.713851,2.219938,2.325895,2.054017,1.94462,1.983135,2.199245,2.188184,1.860159,1.853482,2.106678,2.525267,2.508407,2.831627,4.445393,2.801788,3.440986,3.762742,3.031684,3.323873,3.417128,3.463989,3.465015,3.352873,3.276131,3.26674,3.709744,3.863295,3.631149,3.072783,3.166777,3.288825,3.132228,3.130893,3.075072,3.186273,3.17256
Comoros,COM,,,,,,,,,,,,,,,,,,,,,,,,,,,,,,,,,,,,,,,,,,,,,,,,,,,,,,,,,,,
Cabo Verde,CPV,,,,,,,,,,,,,,,,,,,,,,,,,2.792399,2.463444,2.335531,2.103676,1.913886,,,,0.992592,0.756581,0.838879,1.265081,0.844175,0.831007,0.85854,0.838543,1.154026,0.753615,0.66548,0.648754,0.630978,0.649497,0.564741,0.524703,0.601269,0.490878,0.495062,0.523241,0.555765,0.530304,0.540807,0.558982,0.620817,0.53777,0.553854
Costa Rica,CRI,0,0,0,0,0,0,0,0,0,0,0,0,0,0,0,0,0,0,0,0,0,0,0,0,0,0,0,0,0,0,0,0,0,0,0,0,0,0,0,0,0,0,0,0,0,0,0,0,0,0,0,0,0,0,0,0,0,0,0
Cuba,CUB,,,,,,,,,,,,,,,,,,,,,,,,,,,,,,,,,,,,,,,,,,,,,,,,,,3.38096,3.326856,3.084505,3.9376,3.512729,3.536005,3.083791,3.072124,2.872403,
Curacao,CUW,,,,,,,,,,,,,,,,,,,,,,,,,,,,,,,,,,,,,,,,,,,,,,,,,,,,,,,,,,,
Cayman Islands,CYM,,,,,,,,,,,,,,,,,,,,,,,,,,,,,,,,,,,,,,,,,,,,,,,,,,,,,,,,,,,
Cyprus,CYP,,,,,,,,,,,,,,,,,,,,,,,,,,1.270292,1.577158,5.391478,5.700256,5.369355,7.374036,7.264776,9.129286,4.074953,4.023989,3.041034,4.524715,5.573911,4.676318,2.733851,2.82209,3.153222,2.130161,1.985163,1.955769,2.03747,1.899998,1.6846,1.629997,1.81701,1.868441,1.749027,1.655232,1.598138,1.531461,1.666064,1.444333,1.627517,1.572162
Czech Republic,CZE,,,,,,,,,,,,,,,,,,,,,,,,,,,,,,,,,,2.330404,2.283401,1.843623,1.731905,1.662046,1.825932,1.85907,1.877357,1.75125,1.824407,1.892764,1.713703,1.790084,1.575906,1.430915,1.238212,1.318537,1.20394,1.08547,1.070811,1.026151,0.97339,0.952678,1.002162,0.969086,1.123606
Germany,DEU,4.004953,3.973128,4.776337,5.204805,4.657706,4.346193,4.153082,4.331961,3.618811,3.610562,3.200499,3.251049,3.365034,3.356652,3.464507,3.487958,3.331101,3.227763,3.239609,3.14903,3.14602,3.231572,3.223515,3.215737,3.108705,3.04619,2.964334,2.94518,2.805598,2.690354,2.675483,2.122421,1.9765,1.799148,1.646952,1.588252,1.55727,1.497186,1.477631,1.482072,1.443623,1.405968,1.41077,1.399049,1.34809,1.329938,1.268777,1.237054,1.281317,1.388907,1.353651,1.281112,1.311261,1.223994,1.182506,1.177456,1.189904,1.234141,1.233769
Djibouti,DJI,,,,,,,,,,,,,,,,,,,0.020942,0.017505,0.53554,1.415326,7.485064,7.659693,,,,,,,,6.650885,6.760028,6.158737,5.757445,5.791646,5.080479,5.474986,5.650875,5.47809,5.069101,,,,5.607179,6.328691,6.441956,4.071944,3.688071,,,,,,,,,,
Dominica,DMA,,,,,,,,,,,,,,,,,,,,,,,,,,,,,,,,,,,,,,,,,,,,,,,,,,,,,,,,,,,
Denmark,DNK,2.728878,2.586812,3.018273,3.041524,2.842914,2.832138,2.63675,2.588211,2.675934,2.391608,2.42912,2.362222,2.179973,1.975808,2.234844,2.39725,2.204203,2.216303,2.271821,2.251527,2.363093,2.438666,2.419895,2.364743,2.235471,2.104672,1.944819,2.031647,2.087471,2.02422,1.950757,1.95468,1.889377,1.907198,1.77011,1.685315,1.644817,1.615961,1.608026,1.564855,1.457444,1.532381,1.50815,1.466851,1.423704,1.311489,1.377492,1.307247,1.355005,1.350178,1.398621,1.313531,1.351819,1.227252,1.149273,1.111446,1.151786,1.146016,1.181415
Dominican Republic,DOM,5.231526,5.229794,4.319654,3.865213,3.783495,4.21207,3.46272,3.191869,3.245171,2.647824,2.416695,2.19622,1.987521,1.791274,1.965066,1.831013,1.928382,1.885723,2.175566,2.182294,1.583543,1.720128,1.58204,1.366505,1.198896,1.210052,1.344154,1.01814,0.880047,0.800368,0.675729,0.348155,0.559087,0.75507,0.733766,0.549478,0.633652,0.796926,0.780062,0.816244,1.030096,1.213496,1.058919,0.764145,0.687618,0.766536,0.683423,0.627619,0.699862,0.667461,0.667532,0.602928,0.653151,0.611825,0.662336,0.665688,0.663298,0.700998,0.743856
Algeria,DZA,,,,2.511485,3.496454,3.418635,3.512594,3.0191,2.614728,2.386867,2.130539,2.087585,1.795844,1.688162,1.957668,2.131094,2.701721,2.24195,2.375229,2.138696,2.102063,1.818049,2.063097,1.951213,1.755124,1.643707,1.787214,1.856376,1.749699,1.540124,1.461071,1.210834,2.140132,2.505632,3.14643,2.935027,3.094088,3.637403,3.965674,3.75508,3.433386,3.820695,3.700829,3.251211,3.283885,2.834178,2.643808,2.923321,3.024747,3.848514,3.518013,4.325706,4.461079,4.844509,5.548483,6.270243,6.381113,6.014253,5.271414
Ecuador,ECU,2.376237,2.046767,2.045454,1.765212,1.909954,2.069565,1.824222,1.804423,1.923973,2.370616,1.83369,1.854025,1.990023,1.97657,2.01589,2.366809,2.200688,3.080372,2.142726,1.987494,1.781225,1.67784,1.654003,1.574778,1.485232,1.779739,1.837387,1.966316,1.977627,1.923989,1.890324,1.77836,1.667207,1.821422,1.559343,2.34132,1.950398,2.104171,2.357235,1.751925,1.452076,1.569376,1.768892,2.278553,1.940333,2.298403,2.029826,2.568236,2.665042,3.117418,3.010551,3.09511,2.945453,2.875891,2.739231,2.616074,2.514767,2.361263,2.376712
"Egypt, Arab Rep.",EGY,,,6.675479,8.664688,10.32839,10.117435,8.718269,8.907699,11.133044,14.336053,15.987883,17.187012,13.56453,13.513514,17.274244,15.431846,13.726896,13.112058,9.940713,6.468938,6.16031,7.41691,7.188961,7.958674,8.265232,7.856933,7.498131,6.528743,5.060877,3.968099,3.4677,3.611745,3.215501,3.097737,3.153935,3.082036,2.974812,2.841485,2.659383,2.569767,2.551265,2.985569,3.278455,3.177285,2.877531,2.71422,2.606219,2.379635,2.180785,2.032645,1.952967,1.837026,1.648176,1.610057,1.689695,1.723147,1.667282,1.422609,1.247069
Eritrea,ERI,,,,,,,,,,,,,,,,,,,,,,,,,,,,,,,,,,21.329114,12.715942,19.539112,20.344819,11.860415,32.497067,34.377768,32.655671,22.136792,20.671878,20.865745,,,,,,,,,,,,,,,
Spain,ESP,2.250747,2.031245,2.267746,1.969633,1.930559,1.884867,2.079619,1.851957,2.297673,2.434168,2.286616,2.107972,2.317782,2.110742,2.207564,2.004262,2.321047,2.314233,2.357957,2.497065,2.489896,2.582109,2.660307,2.936273,2.966006,2.954722,2.625037,2.614701,2.489375,2.359675,2.293305,2.129192,2.042804,2.011872,2.001337,1.917022,1.814439,1.722816,1.75732,1.755235,1.725518,1.632997,1.456487,1.420409,1.426929,1.382394,1.364366,1.356462,1.359431,1.346107,1.37682,1.323558,1.411704,1.266138,1.247615,1.266622,1.132742,1.225993,1.273091
Estonia,EST,,,,,,,,,,,,,,,,,,,,,,,,,,,,,,,,,,0.761752,1.04163,0.958098,0.873596,1.046772,1.067492,1.287113,1.376327,1.502214,1.66713,1.743049,1.699689,1.899258,1.857014,1.997981,2.092961,2.209126,1.703526,1.679903,1.895746,1.906796,1.924113,2.024016,2.075392,2.028362,2.058545
Ethiopia,ETH,,1.855878,1.93219,2.428367,2.921584,3.229935,3.107199,2.486225,2.195616,2.020665,1.88311,1.906072,1.93641,1.925554,2.794582,4.492062,4.131723,3.967781,4.810902,6.886588,8.708582,7.536958,7.539018,7.179618,7.969148,6.823904,6.697238,6.855674,8.501436,10.276648,9.65797,5.705132,3.441708,3.071688,2.868439,2.225616,2.117138,3.343177,7.276936,9.506943,7.613844,4.349021,3.719388,3.238843,3.07265,2.761551,2.266537,1.863274,1.489809,1.184803,1.133586,1.090707,0.868362,0.806417,0.768411,0.705414,0.701485,0.676662,0.64192
Finland,FIN,1.769041,1.836182,2.513178,1.927142,1.859273,1.79734,1.713951,1.615521,1.755074,1.437478,1.375854,1.449047,1.530846,1.453702,1.270179,1.50816,1.340125,1.405352,1.429444,1.479009,1.670935,1.545587,1.64375,1.823264,1.604042,1.676579,1.72391,1.645533,1.607691,1.534314,1.563351,1.781231,1.907131,1.868012,1.755604,1.422541,1.530472,1.535155,1.463176,1.223104,1.241148,1.144513,1.154637,1.446857,1.470164,1.46719,1.444767,1.290888,1.394917,1.566933,1.500074,1.49795,1.53609,1.541276,1.461985,1.462281,1.428895,1.365689,1.39852
Fiji,FJI,,,,,,,,,,,0.187696,0.217084,0.248851,0.218741,0.242222,0.300498,0.396151,0.507576,0.873095,0.938857,0.862051,0.919421,1.251123,1.344773,1.324394,1.227497,1.130875,2.133497,2.222852,2.459129,2.284297,2.347186,1.992879,1.958367,1.843913,1.778339,1.54285,1.478607,1.364029,1.226048,1.902479,1.97651,1.67751,1.610276,1.715759,1.433805,1.742541,2.219526,1.469332,1.725943,1.550651,1.610404,1.490962,1.386777,1.027699,0.972394,0.913179,0.917588,0.922839
France,FRA,6.462675,6.304481,6.141695,5.643126,5.40522,5.232678,5.107417,5.113539,4.924963,4.380787,4.117453,3.947847,3.845715,3.742634,3.674443,3.806238,3.75742,3.847219,3.751882,3.737486,3.756308,3.864558,3.838017,3.853842,3.7946,3.742888,3.673639,3.714933,3.5277,3.428596,3.339703,3.347881,3.203262,3.201922,3.167207,2.967345,2.874459,2.827952,2.650326,2.592747,2.482238,2.417566,2.436094,2.494932,2.505254,2.409246,2.351377,2.280515,2.261767,2.486338,2.337907,2.257661,2.236926,2.220397,2.23036,2.269891,2.327324,2.349679,2.293943
Faroe Islands,FRO,,,,,,,,,,,,,,,,,,,,,,,,,,,,,,,,,,,,,,,,,,,,,,,,,,,,,,,,,,,
"Micronesia, Fed. Sts.",FSM,,,,,,,,,,,,,,,,,,,,,,,,,,,,,,,,,,,,,,,,,,,,,,,,,,,,,,,,,,,
Gabon,GAB,,,,,,,,1.107784,1.015089,1.367596,1.432402,1.440533,1.55023,1.303538,0.67958,0.780709,0.668474,1.029702,,1.877133,1.603628,2.286803,2.447641,2.553587,2.255494,2.859047,3.995928,,,,,,,,,,,,,,1.801452,1.793952,1.78317,1.668328,1.613166,1.248682,1.282619,,,,1.871623,1.462434,1.619805,1.604047,1.144818,1.185026,1.447543,1.810489,1.531208
United Kingdom,GBR,6.343041,6.190022,6.210394,6.082126,5.899068,5.756799,5.588717,5.576793,5.313324,4.920793,4.648216,4.539928,4.624636,4.38774,4.533754,4.775381,4.628621,4.403047,4.232914,4.18526,4.489463,4.457142,4.812695,4.82661,4.926055,4.758479,4.525165,4.19144,3.768975,3.613957,3.562321,3.68179,3.456343,3.211235,3.024573,2.563594,2.44703,2.296373,2.245752,2.184946,2.139,2.173062,2.236918,2.296706,2.245299,2.184208,2.131196,2.139425,2.259453,2.418435,2.367925,2.287394,2.185442,2.065025,1.948807,1.859612,1.81078,1.771094,1.782205
Georgia,GEO,,,,,,,,,,,,,,,,,,,,,,,,,,,,,,,,,,,,,2.210216,1.253623,1.136975,0.924391,0.615582,0.740186,1.000532,1.068489,1.373838,3.339182,5.218312,9.159105,8.520097,5.606583,3.902446,3.247605,3.104604,2.737697,2.517582,2.140413,2.199119,2.032071,1.935047
Ghana,GHA,1.706659,2.103004,2.001003,2.016349,1.921989,1.732606,2.226614,,2.655882,2.501251,2.118194,1.701319,1.42984,1.364934,1.581545,1.714935,1.56681,1.253247,0.851282,0.646304,0.773575,0.741114,0.541347,0.34118,0.593212,1.000443,0.900517,0.892627,0.437881,0.430847,0.27651,0.368975,0.377347,0.421952,0.426587,0.466093,0.393541,0.405429,0.471706,0.471795,0.627279,0.373923,0.368354,0.428513,0.389777,0.367459,0.371043,0.50925,0.398445,0.455352,0.380678,0.59226,0.804165,0.533396,0.678999,0.526514,0.382467,0.401719,0.413917
Gibraltar,GIB,,,,,,,,,,,,,,,,,,,,,,,,,,,,,,,,,,,,,,,,,,,,,,,,,,,,,,,,,,,
Guinea,GIN,,,,,,,,,,,,,,,,,,,,,0.902358,0.793828,0.639109,,,,,,,,,2.380554,1.694641,1.340709,1.356117,,,1.172819,1.254992,1.595131,1.534638,3.100211,3.32468,2.441181,2.228564,,,,,,,,2.980528,3.158335,2.973182,3.305083,2.487015,2.70832,2.467401
"Gambia, The",GMB,,,,,,,,,,,,,,,,,,,,,,,,0.340909,0.477502,0.551226,0.563939,0.631087,0.810531,0.958392,1.092743,0.578909,0.490258,0.338576,0.310371,0.367246,0.463278,0.51969,0.481928,0.431933,0.424507,0.357026,0.39072,0.410206,0.333698,0.478246,0.425347,0.569183,1.777191,0.787807,,,1.227776,1.154547,1.752189,1.531848,,,1.073434
Guinea-Bissau,GNB,,,,,,,,,,,,,,,,,,,,,,,0.008695,0.013478,0.015024,0.010903,0.024396,0.058087,,0.181085,,,,,0.317965,0.495568,0.566593,0.650521,1.404762,,2.62803,1.626727,1.558603,1.575423,,2.064837,,,,1.662386,2.017526,1.59506,2.475597,2.076018,2.038023,1.637168,,,
Equatorial Guinea,GNQ,,,,,,,,,,,,,,,,,,,,,,,,,,,,,,,,,,,1.986423,2.045617,,,,,,,,,,,,1.501826,1.482309,2.47493,,,,,0.775978,,0.179169,,
Greece,GRC,4.857303,4.24357,4.04843,3.824485,3.573562,3.498465,3.584687,4.345708,4.69018,4.788786,4.197302,4.119199,3.956525,3.517709,4.824469,5.847322,5.829227,5.918536,5.575445,5.181248,4.660806,5.735701,5.626593,5.172477,4.835444,4.692567,4.128015,4.25552,4.198232,3.765869,3.79826,3.484865,3.629801,3.600125,3.581972,3.17319,3.311913,3.365869,3.533869,3.36047,3.465355,3.251413,3.077375,2.493895,2.605673,2.836596,2.783419,2.679306,2.983052,3.224841,2.72701,2.476949,2.407691,2.357681,2.333585,2.450942,2.543063,2.519121,2.385282
Grenada,GRD,,,,,,,,,,,,,,,,,,,,,,,,,,,,,,,,,,,,,,,,,,,,,,,,,,,,,,,,,,,
Greenland,GRL,,,,,,,,,,,,,,,,,,,,,,,,,,,,,,,,,,,,,,,,,,,,,,,,,,,,,,,,,,,
Guatemala,GTM,1.157922,1.122221,1.045308,1.173008,1.003834,1.39559,1.373455,1.457146,1.266687,1.026,1.696429,1.118501,1.141987,0.910754,0.898308,1.231487,1.27139,1.372138,1.181122,1.306678,1.316852,1.889449,2.025719,2.035934,2.190849,2.00737,1.667498,1.75071,1.869077,1.802852,1.728012,1.268437,1.47262,1.26706,1.178535,1.080427,0.895717,0.742818,0.72084,0.675601,0.918402,1.052063,0.762245,0.815655,0.479416,0.383914,0.431829,0.398457,0.425421,0.390659,0.410756,0.4143,0.445274,0.463794,0.418366,0.3959,0.423139,0.363192,0.352941
Guam,GUM,,,,,,,,,,,,,,,,,,,,,,,,,,,,,,,,,,,,,,,,,,,,,,,,,,,,,,,,,,,
Guyana,GUY,,,,,,,,,,,,,,1.645963,2.850575,6.958106,8.352601,6.074583,3.890845,3.715013,3.700265,3.944897,5.126556,4.516349,4.674706,8.436864,5.355856,3.086089,2.663766,1.583737,0.905828,0.582893,0.969692,0.950952,1.005937,0.91552,0.787831,,,,1.765977,2.017946,2.293287,2.199717,2.809325,2.243542,1.314884,1.434892,1.58746,1.533188,1.375437,1.258128,1.176457,1.176036,1.276563,1.458481,1.505432,1.679493,1.693259
"Hong Kong SAR, China",HKG,,,,,,,,,,,,,,,,,,,,,,,,,,,,,,,,,,,,,,,,,,,,,,,,,,,,,,,,,,,
Honduras,HND,1.168405,1.075843,0.988387,0.931707,1.280088,1.229105,1.181818,1.137124,1.08545,1.068249,1.369295,1.470019,1.836007,1.683377,1.598865,1.903915,1.75816,1.904762,2.269616,2.239548,2.221356,2.145771,2.30756,2.274943,2.440494,2.582772,2.770119,2.95003,2.853746,2.670795,2.201484,1.544686,,1.15783,,,,,,,0.729929,0.822611,0.809188,0.998265,0.682693,0.641478,0.69243,0.776008,0.953978,1.074911,1.074457,1.131309,1.146019,1.601318,1.548645,1.682139,1.680228,1.743808,1.712589
Croatia,HRV,,,,,,,,,,,,,,,,,,,,,,,,,,,,,,,,,7.607386,10.726757,11.148177,9.31501,8.292011,8.942493,6.600219,4.42963,3.030056,2.702774,2.730633,2.046299,1.760144,1.762328,1.685805,1.628431,1.839138,1.80045,1.696921,1.773184,1.689383,1.645434,1.571747,1.52173,1.360222,1.425587,1.465054
Haiti,HTI,,,,,,,,,,,,,,,,,,,,,,,,,,,,,0.088607,0.089119,0.102173,0.11155,0.113783,0.106326,0.077785,0.10621,,,,,,,,,,,,,,,,,,0.000615,0.000619,0.000888,0.000841,0.000875,0.00084
Hungary,HUN,,,,,,,,,,,4.030075,3.741685,3.273657,3.006993,3.207841,3.335405,3.006239,2.955326,3.239638,3.239044,3.34258,3.333761,3.243307,3.335937,3.147675,4.972429,3.223733,3.155577,3.596223,2.786162,2.563538,2.16147,2.179653,1.906568,1.824134,1.324727,1.259061,1.476684,1.272164,1.433613,1.5131,1.570127,1.593774,1.642622,1.472724,1.412029,1.22301,1.270258,1.182211,1.130083,1.031769,1.045637,1.034187,0.946637,0.863635,0.92016,1.02271,1.050168,1.082077
Indonesia,IDN,,,,,,,,,,,,,,,2.705921,3.492189,3.421868,3.206089,3.163194,3.020259,2.917218,2.884622,2.901928,2.398129,2.28542,2.170599,2.009765,1.722188,1.530841,1.389136,1.410493,1.324064,1.356876,1.223558,1.266156,1.22631,1.264393,1.497742,1.019117,0.810813,0.684484,0.572793,0.70012,0.909285,0.945715,0.750789,0.716425,0.774787,0.633481,0.612411,0.617587,0.653777,0.711549,0.91877,0.777855,0.886971,0.790695,0.804337,0.716443
Isle of Man,IMN,,,,,,,,,,,,,,,,,,,,,,,,,,,,,,,,,,,,,,,,,,,,,,,,,,,,,,,,,,,
India,IND,2.004012,2.07436,2.7454,4.025306,3.819237,3.871415,3.572371,3.223924,3.245569,3.140815,3.185183,3.652454,3.717947,3.158644,3.202826,3.534599,3.477883,3.162772,3.126332,3.261329,3.133781,3.186248,3.345118,3.323069,3.416876,3.56903,4.106469,4.231318,3.728672,3.53418,3.146215,2.909974,2.70484,2.823542,2.664674,2.578484,2.472768,2.647732,2.727311,2.957196,2.94893,2.924436,2.826867,2.677777,2.828752,2.754908,2.526809,2.342634,2.550195,2.893496,2.707464,2.651497,2.537347,2.472727,2.49677,2.405127,2.506471,2.509625,2.419034
Not classified,INX,,,,,,,,,,,,,,,,,,,,,,,,,,,,,,,,,,,,,,,,,,,,,,,,,,,,,,,,,,,
Ireland,IRL,1.330387,1.320142,1.29022,1.242817,1.303208,1.326908,1.23436,1.187127,1.132851,1.09928,1.158609,1.243945,1.328811,1.312695,1.406932,1.625959,1.615162,1.525177,1.483084,1.582201,1.665267,1.580607,1.591237,1.492631,1.412439,1.416044,1.423205,1.2823,1.199434,1.105476,1.203503,1.253935,1.204119,1.139225,1.108733,1.014359,0.989927,0.924066,0.82387,0.750676,0.695698,0.703517,0.634014,0.587541,0.568322,0.540993,0.512936,0.508413,0.575494,0.599116,0.573631,0.54657,0.514165,0.500549,0.460334,0.34252,0.331469,0.310632,0.330585
"Iran, Islamic Rep.",IRN,2.294909,2.346642,2.307411,2.590357,2.881827,3.249525,3.818995,4.457992,5.176364,5.969054,5.856903,3.047012,2.27537,1.864705,8.75035,12.069193,11.247972,10.18983,11.113205,5.797247,5.34315,8.190381,7.906891,7.097081,6.354854,6.512418,6.079336,5.889108,6.269778,4.55798,2.94265,2.169708,1.789305,1.700361,2.07301,2.154166,2.244865,2.498875,2.629079,2.404552,2.295042,2.418179,2.174576,2.40504,2.834558,3.036654,3.315194,2.749299,2.775257,3.154312,2.906913,2.381635,2.757036,2.244535,2.281079,2.760312,2.972793,3.105184,2.667512
Iraq,IRQ,7.050632,6.851399,6.910817,8.250885,7.956514,8.873267,8.520558,8.427062,9.220854,11.380085,11.168226,10.516111,10.641092,12.258362,12.494819,11.674622,11.1631,9.812813,8.117759,6.148768,5.511525,10.829534,,,,,,,,,,,,,,,,,,,,,,,1.675589,2.242599,1.897571,2.239924,2.367761,2.899118,2.709352,2.30344,1.899568,3.315831,2.950614,5.346601,3.482177,3.838661,2.726528
Iceland,ISL,,,,,,,,,,,,,,,,,,,,,,,,,,,,,,,,,,,,,,,,,,,,,,,,,,,,,,,,,,,
Israel,ISR,7.460248,7.865016,9.160792,9.753574,8.984627,8.569154,9.434673,15.442514,17.428015,19.089317,23.447056,22.799803,20.371019,27.856093,27.655286,30.463803,29.245593,23.087213,22.891135,19.384693,18.919337,20.262269,18.38821,15.546889,16.182229,16.600644,14.767713,16.900145,17.531019,14.060146,13.966327,17.608868,12.342238,13.017996,11.43269,8.945934,8.732316,8.44945,7.885664,7.377186,7.11401,7.352265,8.336692,8.538492,8.221411,7.667352,7.506692,6.785635,6.571574,6.763267,6.248704,6.244616,6.046998,5.912841,5.963011,5.646343,4.630698,4.432564,4.348101
Italy,ITA,2.713826,2.573869,2.633838,2.753438,2.727356,2.74758,2.98872,2.767747,2.648962,2.422401,2.05821,2.238971,2.391176,2.195817,2.070627,1.975232,1.828144,1.890809,1.879755,1.873959,1.763643,1.821113,2.005373,2.016501,2.008608,1.936369,1.977143,2.060354,2.072857,2.026427,1.880798,1.858853,1.751977,1.786768,1.713743,1.467843,1.588492,1.626693,1.644509,1.6833,1.74106,1.679365,1.706187,1.708996,1.682673,1.60517,1.525483,1.451808,1.540896,1.558536,1.506821,1.486136,1.436737,1.406128,1.287383,1.210619,1.339606,1.366529,1.332702
Jamaica,JAM,,,,,,,,,,,,,,,,,0.925308,0.941001,,,,1.507942,1.627721,1.385989,1.059732,0.89106,0.853933,0.770446,0.807991,0.929263,0.840785,0.758525,1.107838,0.821906,0.629921,0.538709,0.567657,0.655055,0.544948,0.511052,0.48632,0.504359,0.585431,0.581596,0.53597,0.527664,0.608922,0.652458,0.953358,0.947215,0.874213,0.925445,0.929817,0.899595,0.872889,0.868421,0.959173,0.976692,1.351956
Jordan,JOR,20.396745,16.507077,18.1455,17.118513,14.842176,13.409905,19.494261,23.492462,24.063819,20.175045,18.508026,17.152962,18.355185,18.665158,17.509987,15.246637,17.241015,12.529295,11.717493,12.213803,10.645879,10.008974,9.939695,9.850838,9.2163,10.048109,9.77456,9.577581,9.363615,9.070781,7.751068,9.97309,6.924249,6.977109,6.539457,4.454249,6.026918,6.131506,6.274622,6.282233,6.256556,5.893079,5.446014,6.001059,5.141721,4.795323,4.659324,6.033917,6.182098,6.584001,5.895421,5.529743,4.76065,4.301174,4.32321,4.30448,4.574632,4.841144,4.682529
Japan,JPN,1.080595,0.91666,0.882982,0.902912,0.875046,0.899714,0.879421,0.83623,0.793867,0.772551,0.77323,0.824119,0.842475,0.815014,0.862068,0.907387,0.891651,0.890681,0.891286,0.907392,0.906794,0.916648,0.926376,0.952297,0.958404,0.959398,0.962811,0.965511,0.949709,0.940781,0.941792,0.940822,0.948312,0.950664,0.922872,0.916877,0.911247,0.920438,0.938595,0.945248,0.931136,0.94708,0.955835,0.955674,0.941608,0.931582,0.917197,0.897627,0.920248,0.983777,0.958851,0.986806,0.967427,0.950866,0.966999,0.95805,0.939583,0.930768,0.92384
Kazakhstan,KAZ,,,,,,,,,,,,,,,,,,,,,,,,,,,,,,,,,,1.06262,0.838732,1.032422,1.201994,1.112939,1.149738,0.819607,0.784645,0.999817,0.998338,1.029927,0.98824,1.036321,0.978999,1.296877,1.15467,1.103033,1.014416,0.936513,1.046906,1.078085,1.041692,1.109721,0.958845,0.894092,0.953875
Kenya,KEN,,,,0.20649,0.589888,0.990335,1.133268,1.304994,1.218343,1.080069,1.057483,1.227715,1.541812,1.659278,1.777003,1.878903,2.484743,3.740176,5.199292,5.501606,4.51532,4.225325,4.572783,4.195234,3.476912,2.375757,2.503575,3.133743,2.945553,2.740852,2.888215,2.354258,1.900747,1.837742,1.641253,1.646716,1.417955,1.340639,1.220123,1.186974,1.313742,1.504755,1.632408,1.6501,1.614194,1.690587,1.455177,1.547912,1.61585,1.561448,1.555138,1.541419,1.666475,1.561794,1.332961,1.323027,1.323168,1.287374,1.220425
Kyrgyz Republic,KGZ,,,,,,,,,,,,,,,,,,,,,,,,,,,,,,,,,0.852956,0.825056,1.090282,1.790517,1.54798,1.763019,1.590634,1.851248,1.882679,1.454423,1.615087,1.696729,1.683307,1.614402,1.66564,1.338822,1.189199,1.43311,1.611019,1.394428,1.627972,1.622361,1.713569,1.752024,1.765221,1.668933,1.57377
Cambodia,KHM,,,,,,,,,,,,,,,,,,,,,,,,,,,1.146851,1.574245,1.278204,1.992454,2.071376,2.327897,3.145933,1.761289,3.842343,3.577311,3.238455,3.003361,2.662048,2.510029,2.209813,1.774811,1.519617,1.447519,1.296742,1.127579,1.0431,0.914612,0.798218,1.313129,1.493096,1.497788,1.547042,1.596574,1.663039,1.794982,1.898583,2.084628,2.206471
Kiribati,KIR,,,,,,,,,,,,,,,,,,,,,,,,,,,,,,,,,,,,,,,,,,,,,,,,,,,,,,,,,,,
St. Kitts and Nevis,KNA,,,,,,,,,,,,,,,,,,,,,,,,,,,,,,,,,,,,,,,,,,,,,,,,,,,,,,,,,,,
"Korea, Rep.",KOR,7.157548,6.72615,6.867196,4.823859,4.13444,4.410475,4.688874,4.685143,4.730642,4.694395,4.403347,4.734989,5.010068,4.034732,4.541446,4.878716,5.908156,6.034939,6.371451,5.525877,6.398772,6.415857,6.240894,5.726814,5.254535,5.225532,4.948256,4.468606,4.281216,4.290235,4.002304,3.711128,3.690273,3.417895,3.192753,2.892333,2.74348,2.663388,2.794442,2.492577,2.457318,2.427878,2.315474,2.328665,2.331065,2.467283,2.488369,2.469639,2.601476,2.724771,2.574251,2.577346,2.612982,2.627987,2.660766,2.644759,2.607881,2.568844,2.617344
Kuwait,KWT,,,,,,,,,,,2.392788,1.892185,2.038934,2.524938,2.957765,,,5.293682,4.760788,3.548528,3.313991,4.127007,5.954297,6.830511,6.754864,6.434109,7.23621,5.976255,8.236619,8.539829,48.517267,117.349823,31.786024,12.440219,13.259239,13.581581,10.292648,8.086476,8.79656,7.590224,7.150149,7.700626,7.399194,6.543924,5.804461,4.343026,3.542646,3.590338,3.006073,3.971806,3.756148,3.501406,3.413742,3.271518,3.585665,5.007568,5.814236,5.634716,5.055532
Lao PDR,LAO,,,,,,,,,,,,,,,,,,,,,,,,,,,,,,,,,8.675312,8.107511,7.522004,5.834196,4.186707,3.839007,2.594217,1.057743,0.791543,0.717115,0.583935,0.492157,0.433725,0.392509,0.343163,0.312174,0.273821,0.217195,0.204567,0.212127,0.199455,0.189895,,,,,
Lebanon,LBN,,,,,3.65625,3.888731,4.163434,4.842932,4.844372,4.644031,4.33621,4.000741,5.090338,3.815289,,,12.124909,4.732284,8.489601,10.071749,12.357143,9.583333,9.286451,13.455621,10.968727,6.286976,5.26384,1.121847,1.186578,,7.551951,5.154889,7.983998,6.011279,6.997713,6.711928,5.661852,4.305155,4.023252,4.770439,5.3921,5.447896,4.753301,4.675691,4.514245,4.478932,4.576038,4.632398,4.001314,4.020042,4.126553,4.058657,4.005633,4.206782,4.745775,4.527796,5.165632,4.59677,4.993891
Liberia,LBR,,,,,,1.177497,1.145194,1.168582,1.101879,0.993485,1.098731,1.185944,1.100244,0.968992,0.934292,0.952381,1.072566,1.15156,1.240937,1.154649,1.491751,3.112817,5.017942,4.706097,2.940483,2.954305,2.895363,2.287212,2.407782,,,7.183908,10.134228,18.983791,29.727685,,,,,,,,,,0.543574,1.188793,0.51852,0.370196,0.36053,0.630088,0.654703,0.861599,0.869438,0.770368,0.721308,0.726218,0.700222,0.728271,0.765373
Libya,LBY,1.592,1.855072,3.104167,2.407942,1.84375,1.857143,2.914923,3.360947,2.855946,3.762887,6.072931,5.32268,3.709677,3.984862,3.29127,2.253968,1.968616,2.463994,3.799226,3.220749,2.922364,1.755114,2.240526,,,,,,,,,,,,,,,4.078027,5.297442,3.78386,3.146864,2.413508,2.069239,2.072048,2.071074,1.528111,1.120335,0.946678,1.489851,,,,3.745604,7.639285,15.479576,,,,
St. Lucia,LCA,,,,,,,,,,,,,,,,,,,,,,,,,,,,,,,,,,,,,,,,,,,,,,,,,,,,,,,,,,,
Liechtenstein,LIE,,,,,,,,,,,,,,,,,,,,,,,,,,,,,,,,,,,,,,,,,,,,,,,,,,,,,,,,,,,
Sri Lanka,LKA,1.183052,1.183273,1.082855,0.897792,0.851726,0.85261,0.872916,0.845137,0.794532,0.807396,0.916642,1.362633,1.185807,0.87481,0.795086,0.80359,0.659239,0.684374,0.803,0.834463,0.765779,0.626798,0.544741,0.889137,0.922431,3.16077,2.696658,3.393147,2.371183,1.798595,2.328487,3.082088,3.36764,3.431786,3.729338,5.861132,5.519783,4.630602,4.643464,4.030164,5.033873,4.286991,3.342589,2.868912,2.997358,2.639533,2.798774,3.260608,3.71217,3.618664,2.700748,2.683158,2.155199,2.154048,2.412647,2.552805,2.14256,2.147999,1.891497
Lesotho,LSO,,,,,,,,,,,,,,,,,1.551791,1.438132,1.505608,1.851208,3.158537,3.31151,4.357737,4.013057,3.979144,4.314099,4.839987,4.181313,3.369755,4.307715,3.550476,2.888847,2.706454,2.475473,2.741122,3.241889,2.824674,2.712177,2.851928,3.562451,3.284926,2.744178,2.516393,2.369001,2.131663,2.04926,2.030811,2.037662,1.411663,2.342805,2.692609,1.964925,1.894403,1.80597,1.843636,1.848575,1.833758,2.012598,1.809953
Lithuania,LTU,,,,,,,,,,,,,,,,,,,,,,,,,,,,,,,,,,0.812261,0.493378,0.454373,0.50398,0.747111,1.229254,0.970102,1.2167,1.361944,1.271289,1.121228,1.195943,1.162212,1.163932,1.112479,1.130355,1.081284,0.878853,0.791759,0.766681,0.764651,0.87991,1.135067,1.479043,1.715539,1.957849
Luxembourg,LUX,1.003878,1.107038,1.286696,1.181274,1.378998,1.35073,1.341392,1.102537,0.913193,0.816406,0.754877,0.788807,0.81692,0.782485,0.758206,0.962665,0.986217,1.003383,1.028493,1.016876,1.153186,1.210273,1.192267,1.204541,1.153546,0.960269,0.922118,1.013799,1.05318,0.87272,0.872595,0.898097,0.915601,0.782728,0.820812,0.658949,0.649772,0.679496,0.708308,0.633042,0.602875,0.753494,0.649539,0.672069,0.676558,0.652658,0.582695,0.562147,0.423837,0.434049,0.515171,0.428237,0.41904,0.418948,0.422092,0.482756,0.442307,0.576459,0.611663
Latvia,LVA,,,,,,,,,,,,,,,,,,,,,,,,,,,,,,,,,,0.735295,0.838757,0.805657,0.639145,0.582115,0.587848,0.750941,0.881715,1.041539,1.542208,1.610024,1.595658,1.610622,1.715019,1.558073,1.634414,1.390055,1.09266,1.042715,0.909273,0.937394,0.943765,1.048095,1.469385,1.679425,1.979551
"Macao SAR, China",MAC,,,,,,,,,,,,,,,,,,,,,,,,,,,,,,,,,,,,,,,,,,,,,,,,,,,,,,,,,,,
St. Martin (French part),MAF,,,,,,,,,,,,,,,,,,,,,,,,,,,,,,,,,,,,,,,,,,,,,,,,,,,,,,,,,,,
Morocco,MAR,2.315732,2.702434,2.565913,3.195616,2.835869,2.429331,2.67757,2.617647,3.004572,2.390217,2.316006,2.628625,2.843915,3.061798,3.145833,4.602913,6.220434,6.619775,5.836809,5.633462,5.940073,6.384594,6.220868,4.505659,4.018191,5.390435,4.30446,4.369315,4.128516,4.392917,4.148825,4.142843,4.298048,4.655572,4.493819,4.34741,3.949093,4.192659,3.456334,2.900457,2.210962,3.726136,3.491788,3.494208,3.249468,3.257997,3.109796,3.046954,3.183501,3.288652,3.390796,3.297495,3.46275,3.805783,3.677856,3.229921,3.211415,3.185027,3.104427
Monaco,MCO,,,,,,,,,,,,,,,,,,,,,,,,,,,,,,,,,,,,,,,,,,,,,,,,,,,,,,,,,,,
Moldova,MDA,,,,,,,,,,,,,,,,,,,,,,,,,,,,,,,,,,0.530067,0.773794,0.925966,0.906694,0.902773,0.624855,0.511299,0.387282,0.402592,0.419847,0.416381,0.360979,0.400235,0.482634,0.516194,0.608536,0.457887,0.315502,0.327388,0.327675,0.334493,0.345294,0.353941,0.437012,0.375067,0.348808
Madagascar,MDG,,1.502152,1.537313,1.46037,1.45875,1.590854,1.542275,1.550026,1.546218,1.507246,1.351243,1.316574,1.488193,1.523858,1.670689,1.637146,1.88021,2.307199,2.419852,2.927239,2.768919,2.978454,,,1.873156,1.780055,1.551935,1.42904,1.347183,1.210865,1.231511,1.296349,0.769922,1.122324,0.926473,0.859888,1.237634,1.481912,1.348927,1.210229,1.217514,1.435848,1.313162,1.324757,1.248227,1.071942,0.977431,1.115865,1.097115,0.830203,0.652042,0.727707,0.691912,0.677984,0.652799,0.604797,0.594003,0.580022,0.602151
Maldives,MDV,,,,,,,,,,,,,,,,,,,,,,,,,,,,,,,,,,,,,,,,,,,,,,,,,,,,,,,,,,,
Mexico,MEX,0.673509,0.65178,0.689655,0.718686,0.677507,0.59127,0.576379,0.545217,0.548511,0.60016,0.497412,0.487656,0.536568,0.544218,0.565744,0.573584,0.598104,0.534256,0.504834,0.505297,0.416107,0.513301,0.495419,0.522866,0.659819,0.676313,0.634622,0.580342,0.536145,0.517256,0.474702,0.477289,0.514614,0.485401,0.568745,0.494263,0.522312,0.502161,0.493783,0.505339,0.488964,0.485252,0.462439,0.444972,0.400006,0.41272,0.418552,0.454056,0.445019,0.539474,0.557496,0.548195,0.581037,0.614983,0.65912,0.66171,0.55923,0.502372,0.538884
Marshall Islands,MHL,,,,,,,,,,,,,,,,,,,,,,,,,,,,,,,,,,,,,,,,,,,,,,,,,,,,,,,,,,,
North Macedonia,MKD,,,,,,,,,,,,,,,,,,,,,,,,,,,,,,,,,,,,,2.813677,2.128247,2.09824,1.713821,1.850821,6.100396,2.645598,2.341701,2.380104,2.029263,1.836538,1.95007,1.742341,1.688165,1.382155,1.262187,1.225318,1.169437,1.092962,0.994697,0.944628,0.990701,0.952174
Mali,MLI,,2.702247,2.891304,2.646914,2.868778,2.519912,2.408034,2.403846,1.990812,2.175516,2.228047,1.916168,2.375566,2.655809,2.865916,3.166023,2.911534,3.129584,3.213958,2.966102,2.079296,1.960762,2.106795,1.98366,1.972607,2.142416,2.026769,2.116786,2.213468,2.112011,1.956494,,,1.563793,1.438026,1.497017,1.428411,1.496852,1.404632,1.49229,1.47865,1.295172,1.26885,1.419333,1.421999,1.384312,1.391415,1.355034,1.465715,1.418664,1.374567,1.241033,1.196406,1.161379,1.515934,2.36008,2.583124,3.011908,2.865019
Malta,MLT,,,,,,,,,,,,,,,,,,,,,,,,,,1.276251,1.269184,1.456258,1.221067,1.108185,0.914918,0.87112,0.973183,1.001961,1.024059,0.842358,0.874812,0.824691,0.731472,0.683655,0.625517,0.666917,0.635846,0.630123,0.67053,0.821185,0.655096,0.621209,0.624148,0.693152,0.671914,0.58782,0.542045,0.530142,0.503062,0.490362,0.530045,0.513937,0.487919
Myanmar,MMR,,6.12346,5.690711,6.847141,6.022346,6.695621,6.125579,5.201799,5.023197,5.310429,5.601945,5.651225,5.45164,5.113946,4.021087,3.774971,3.793707,4.039773,3.921384,3.557581,3.42213,3.45682,3.218261,3.070369,2.923671,2.978264,2.879142,1.972401,2.140852,2.959107,3.395891,3.171005,3.354518,3.523109,3.541121,3.684832,3.493428,2.665387,2.314235,1.994537,2.305365,1.800056,1.298879,1.924357,1.90911,1.560488,,,,,,,3.711037,3.80915,3.57903,4.080953,3.740882,3.242343,2.924759
Montenegro,MNE,,,,,,,,,,,,,,,,,,,,,,,,,,,,,,,,,,,,,,,,,,,,,,2.694363,2.290712,1.74406,1.872182,1.843759,1.814348,1.748967,1.656463,1.452263,1.472271,1.403716,1.41128,1.362776,1.546464
Mongolia,MNG,,,,,,,,,,,,,,,,,,,,,,,,,,,,5.833885,6.341243,6.251195,4.281385,3.231535,1.909437,1.712363,1.654356,1.620506,1.776947,1.638735,1.906538,1.835012,2.022481,1.781658,1.795567,1.509694,1.38273,1.180834,1.138467,1.312843,1.172063,0.823789,0.762997,0.83727,0.924306,0.822311,0.859628,0.86622,0.865523,0.744867,0.761588
Northern Mariana Islands,MNP,,,,,,,,,,,,,,,,,,,,,,,,,,,,,,,,,,,,,,,,,,,,,,,,,,,,,,,,,,,
Mozambique,MOZ,,,,,,,,,,,,,,,,,,,,,3.833333,4.280488,4.924051,6.232,7.073171,5.765766,5.655738,6.183206,5.309033,5.943491,5.861298,2.612032,2.968445,2.870884,3.303502,1.460482,1.111682,1.102741,1.139212,1.245869,1.284458,1.242171,1.273636,1.280942,1.362421,0.946232,0.809467,0.732654,0.728237,0.772595,0.976832,0.90526,0.911221,0.985664,1.024414,0.808581,1.031205,1.021643,0.994105
Mauritania,MRT,,,,,,,,,,,,,,,,,,,,,,,,,,5.945895,5.036763,4.669587,4.489751,3.961137,3.827926,3.600512,2.689066,2.412423,2.240862,2.260155,2.626341,2.96726,1.862441,2.273638,2.928005,4.002384,2.739384,3.995276,3.83812,3.051556,2.693647,,3.059334,3.135324,,,2.720187,2.557094,2.69589,2.750747,2.909982,2.907154,3.019252
Mauritius,MUS,,,,,,,,,0.155797,0.180502,0.219466,0.223945,0.202514,0.188985,0.139925,0.191745,0.187075,0.172731,0.172579,0.204843,0.489249,0.466745,0.26226,0.269137,0.252089,0.219641,0.19797,0.194038,0.219642,0.290016,0.346095,0.367422,0.354424,0.330254,0.333146,0.332826,0.29339,0.234079,0.202815,0.208135,0.200719,0.19458,0.19627,0.187103,0.166217,0.16777,0.160651,0.149284,0.161602,0.173364,0.153056,0.155485,0.145577,0.194445,0.156539,0.180169,0.18789,0.178593,0.164082
Malawi,MWI,,,,,,0.701998,0.645793,0.716937,0.69543,0.667962,0.641146,0.581517,0.6022,1.06044,0.966956,1.526808,1.373366,1.689904,2.694517,4.065934,4.293105,3.111181,2.286965,1.81641,1.559535,1.751118,2.095468,1.828806,1.511308,1.497071,1.308606,1.07573,1.402486,1.262975,1.42188,0.790559,0.883468,0.991556,0.81364,0.811014,0.672639,0.738822,0.423823,0.408792,0.631868,1.045261,0.777651,0.757952,0.835637,0.949704,0.718201,0.659729,0.806728,1.191746,0.817726,0.634365,0.640353,0.762729,0.846127
Malaysia,MYS,2.676441,2.23291,2.187041,2.420614,3.163552,4.01105,4.728255,4.497029,4.453163,3.922268,5.165272,5.372443,4.978903,3.872243,4.182343,4.724163,3.980773,4.854669,3.711133,3.670515,4.230134,5.785153,5.367615,4.423372,3.752357,3.451659,3.223734,4.1475,2.426112,2.623702,2.555403,3.199284,2.986422,2.875245,2.847115,2.751345,2.400564,2.085559,1.605335,2.101482,1.634676,2.084923,2.219131,2.614807,2.263062,2.173929,2.007597,2.051432,1.911425,1.960281,1.511381,1.574913,1.433409,1.520596,1.455115,1.528863,1.406366,1.116541,0.984002
Namibia,NAM,,,,,,,,,,,,,,,,,,,,,,,,,,,,,,,,5.615255,4.250419,2.464524,1.751234,1.947899,1.903604,2.301355,2.321837,3.124033,2.706733,3.008741,2.617845,2.624913,2.52759,2.645205,2.501249,2.610425,3.137262,3.374364,3.514744,3.574589,3.166513,3.066233,4.20343,4.478426,3.889111,3.554523,3.349633
New Caledonia,NCL,,,,,,,,,,,,,,,,,,,,,,,,,,,,,,,,,,,,,,,,,,,,,,,,,,,,,,,,,,,
Niger,NER,,,,,,,,,,,,,,,,0.870843,0.821774,0.936634,0.928174,0.839125,0.671391,0.631754,0.633484,0.685199,0.727757,0.743836,0.769504,0.63521,,,,,,,1.232372,0.970976,0.861401,0.932595,1.061224,1.166908,1.164611,1.32016,0.963348,0.931764,1.091187,0.973577,,,0.992538,0.98201,1.169691,1.309804,2.144357,1.383215,1.769086,,2.219936,2.473555,2.452849
Nigeria,NGA,0.695833,0.849453,1.096979,1.103191,1.233704,1.401452,1.101151,5.808201,9.159138,10.316958,5.27925,4.39212,5.390269,5.478468,4.344011,8.124068,5.791398,6.024118,5.326048,4.322334,3.295604,2.770072,2.267202,2.219841,1.556795,1.436786,1.311554,0.769794,0.884351,0.579895,0.833115,0.773691,0.564011,0.933218,0.781452,0.483559,0.406178,0.435836,0.548312,0.855416,0.543532,0.780316,0.954338,0.570708,0.490997,0.397423,0.348375,0.370355,0.489084,0.505856,0.539231,0.579227,0.502541,0.469695,0.414719,0.417637,0.432948,0.430671,0.506585
Nicaragua,NIC,,,,,,,,,1.459645,1.377015,1.584261,1.505737,1.86729,1.420567,1.453413,1.746094,2.067364,2.465463,3.221946,3.104787,3.34618,4.335591,,,,,,,,,,4.002216,2.632753,2.102326,1.1895,1.10282,0.949705,0.89467,0.735362,0.719493,0.782751,0.683525,0.865166,0.860737,0.730793,0.700404,0.551255,0.531727,0.50206,0.502752,0.505472,0.526412,0.665903,0.678614,0.685092,0.776083,0.642579,0.623063,0.608428
Netherlands,NLD,3.703902,4.087284,4.122775,4.010834,3.932653,3.57129,3.370284,3.523336,3.256335,3.228929,2.866236,2.83883,2.81854,2.702997,2.653472,2.84386,2.688909,2.954458,2.747071,2.840233,2.784299,2.863119,3.141471,2.848585,2.861724,2.768218,2.72512,2.713467,2.610909,2.517404,2.36902,2.248532,2.213003,2.027829,1.913061,1.794241,1.756608,1.659273,1.580648,1.589825,1.434004,1.437907,1.426556,1.44381,1.426828,1.396485,1.393389,1.354717,1.305319,1.397633,1.325434,1.288365,1.235409,1.166152,1.159688,1.132712,1.163627,1.158527,1.241607
Norway,NOR,3.200436,3.004204,3.241518,3.208427,3.119164,3.397937,3.56796,3.512563,3.607843,3.604252,3.472839,3.391504,3.291466,3.133605,3.035535,3.20843,3.12403,3.098177,2.841319,2.766546,2.619019,2.623972,2.744592,2.794972,2.544434,2.796,2.808417,2.978324,2.89309,2.910157,2.886227,2.747487,2.9647,2.68735,2.733137,2.307491,2.163075,2.01608,2.156738,2.039106,1.705832,1.704541,2.080592,1.974854,1.848785,1.582299,1.450902,1.46485,1.377335,1.602502,1.514378,1.449841,1.400148,1.411996,1.469302,1.503921,1.615653,1.617824,1.608669
Nepal,NPL,,,,,,,,,,,0.593019,0.617911,0.647556,0.657681,0.607236,0.682173,0.856261,0.892143,0.858464,0.911206,1.032076,0.992053,1.089454,1.252925,1.220614,1.195827,1.182851,1.159182,1.083791,1.106543,1.077154,1.09661,1.07469,1.050553,0.973315,0.941485,0.900716,0.880708,0.927055,0.94737,0.96215,1.098334,1.44765,1.592251,1.793292,1.929161,1.74911,1.547394,1.599972,1.645448,1.563666,1.540652,1.431832,1.54186,1.629341,1.563736,1.70428,1.6055,1.442801
Nauru,NRU,,,,,,,,,,,,,,,,,,,,,,,,,,,,,,,,,,,,,,,,,,,,,,,,,,,,,,,,,,,
New Zealand,NZL,2.690733,2.485627,2.309937,2.198289,2.472834,2.355558,2.639267,2.623715,2.727683,2.566225,2.63203,2.316701,2.183268,1.973041,2.065379,2.084762,1.936033,2.115898,2.209871,2.159636,3.022791,2.729375,2.582858,2.438359,2.377624,2.364626,2.367587,2.407277,2.078708,2.14993,2.32778,2.256337,2.069366,1.899124,1.828708,1.815348,1.781881,1.703971,1.69528,1.619342,1.668742,1.581301,1.45441,1.443139,1.341781,1.277093,1.385522,1.355048,1.264945,1.370262,1.379427,1.294277,1.212595,1.196637,1.177966,1.149189,1.17915,1.208463,1.161388
Oman,OMN,,,,,,,,,,,,9.652278,14.861506,18.595041,15.527704,24.958575,23.009725,18.781686,20.949942,15.640747,14.909881,15.713426,16.666029,17.15937,16.893042,15.561466,15.866578,13.202315,13.699798,12.5,12.390941,11.06391,12.184093,11.525731,11.766453,10.967648,9.407078,9.357911,9.463325,8.630087,8.085267,9.355743,9.276028,9.102887,9.00781,8.812142,8.12183,7.709506,5.684971,6.95923,6.260727,7.360834,12.062478,11.105239,10.135922,10.788148,11.970984,9.559806,8.1713
Pakistan,PAK,4.312663,4.097891,3.655873,3.648413,3.86589,5.904668,6.730522,5.404604,5.103906,5.512042,6.158388,6.735533,6.865956,6.210643,6.090996,6.32152,5.889472,5.547412,5.5033,5.453274,5.523244,5.710871,6.375717,6.643798,6.659491,6.922134,6.991656,6.97188,6.785811,6.532725,6.52232,6.570953,6.698188,6.427313,5.923548,5.820225,6.037166,5.621216,5.415095,5.189899,4.168723,3.878934,4.07377,4.091427,3.956034,3.897019,3.645255,3.511986,3.459371,3.265224,3.423691,3.285651,3.484399,3.470973,3.476579,3.551387,3.591411,3.766192,4.025736
Panama,PAN,,,,,,,,,,,,,,,,,,,,,,,,,,,,1.84098,2.110986,2.08491,1.256359,1.228547,1.083474,1.198645,1.192557,1.115757,1.085592,1.170171,0.951292,0.974137,0,0,0,0,0,0,0,0,0,0,0,0,0,0,0,0,0,0,0
Peru,PER,2.508001,2.644757,2.425068,3.316391,3.340228,3.098346,2.843567,4.703633,2.357374,2.38756,3.50644,3.619516,3.630811,3.92539,3.932961,5.216285,5.676913,8.214387,6.199702,3.352436,4.559068,3.98482,5.112652,4.845956,3.357558,3.870149,3.349296,3.411496,2.185201,2.190476,2.682379,2.019816,2.507035,2.746102,2.474198,2.635324,2.502027,1.99677,2.016661,1.930631,1.788967,1.75202,1.54184,1.509499,1.382224,1.604746,1.46916,1.303938,1.236421,1.527625,1.472169,1.395418,1.512065,1.670262,1.584863,1.722036,1.29974,1.242135,1.187145
Philippines,PHL,1.778459,1.702908,1.808816,1.855862,1.704942,1.5492,1.651727,1.739939,1.867472,2.090888,2.156757,2.069991,2.336157,2.813805,3.558039,,3.931338,3.621309,2.581767,2.964931,2.709755,2.755721,2.597288,2.409253,1.634759,1.982573,1.988054,1.965247,2.458889,2.242923,2.147247,2.010721,2.036462,2.157536,2.172447,2.294132,2.268408,1.914461,1.697293,1.615776,1.608227,1.471379,1.47389,1.550845,1.360627,1.331795,1.315164,1.348669,1.303656,1.256893,1.221594,1.205253,1.159047,1.242303,1.090407,1.139292,1.429374,1.197535,1.129324
Palau,PLW,,,,,,,,,,,,,,,,,,,,,,,,,,,,,,,,,,,,,,,,,,,,,,,,,,,,,,,,,,,
Papua New Guinea,PNG,,,,,,,,,,,,,,,,0.603586,1.631259,1.250089,1.26645,1.21031,1.403083,1.409639,,,,1.558878,1.564933,1.610783,1.266286,1.496536,1.419134,0.924686,0.890351,0.917458,1.013205,0.775516,1.017311,1.075354,0.87922,0.691395,0.639108,0.547295,0.371638,0.345763,0.389122,0.416638,0.37692,0.411603,0.337014,0.447943,0.325145,0.356925,0.519472,0.494332,0.488511,0.474058,0.391136,0.335833,0.271533
Poland,POL,,,,,,,,,,,,,,,,,,,,,2.65233,2.913186,3.245582,2.902946,3.055037,3.015797,2.941404,2.762692,2.592055,1.817122,2.612486,2.25165,2.230999,2.469187,2.273232,1.955507,1.967919,2.031307,2.019081,1.901136,1.830337,1.905638,1.900639,1.908042,1.873241,1.92613,1.920045,2.001869,1.751461,1.797177,1.833878,1.788012,1.796094,1.769394,1.896864,2.138457,1.940936,1.895984,1.977692
Puerto Rico,PRI,,,,,,,,,,,,,,,,,,,,,,,,,,,,,,,,,,,,,,,,,,,,,,,,,,,,,,,,,,,
"Korea, Dem. People’s Rep.",PRK,,,,,,,,,,,,,,,,,,,,,,,,,,,,,,,,,,,,,,,,,,,,,,,,,,,,,,,,,,,
Portugal,PRT,3.384058,5.147584,5.596694,5.238006,5.444185,5.049746,5.101761,5.910669,5.962344,5.480624,5.47912,5.735851,5.377378,4.607417,5.749773,4.098347,3.122774,2.74124,2.77259,2.686172,2.683661,2.651814,2.694795,2.528144,2.464647,2.441104,2.536815,2.46197,2.496563,2.499312,2.437508,2.423111,2.39039,2.36558,2.226156,2.260288,2.120796,2.040703,1.883733,1.888011,1.862356,1.91272,1.938563,1.885217,1.965918,2.047304,1.94997,1.818055,1.836559,2.030799,1.980217,2.00265,1.912137,2.089631,1.790511,1.787974,1.730637,1.669977,1.779529
Paraguay,PRY,2.528964,2.27915,2.297392,2.398854,2.403766,2.633088,2.916845,3.031559,3.21105,3.161486,3.315872,3.225225,3.846463,3.417437,2.564572,3.125004,2.989957,2.888645,2.958532,2.026398,2.181449,2.52786,3.803298,3.645242,3.508185,3.757635,3.804066,2.773192,3.195473,2.425764,2.131876,2.829327,2.36889,2.178548,2.046766,2.283425,2.06379,1.68568,1.543154,1.388768,1.244939,1.074635,0.971237,0.825755,0.87763,0.72148,0.793455,0.741437,0.684194,0.753951,0.751146,0.845624,0.964179,0.962063,0.989089,1.068848,0.951884,0.893948,0.930583
West Bank and Gaza,PSE,,,,,,,,,,,,,,,,,,,,,,,,,,,,,,,,,,,,,,,,,,,,,,,,,,,,,,,,,,,
French Polynesia,PYF,,,,,,,,,,,,,,,,,,,,,,,,,,,,,,,,,,,,,,,,,,,,,,,,,,,,,,,,,,,
Qatar,QAT,,,,,,,,,,,,,,,,,,,,,7.868681,12.216802,19.277387,13.958483,12.733925,24.846415,,15.889533,16.272351,13.077575,10.743879,13.011255,,,,,,,,,,,3.92997,3.333995,2.43386,1.993016,1.750508,1.959835,2.010496,1.992211,1.499938,,,,,,,,
Romania,ROU,,,,,,,,,,,,,,,,,,,,,2.204543,2.201224,2.040216,1.985087,1.906727,4.299281,4.445711,3.914029,4.205471,4.797296,4.547415,4.773335,4.247683,2.740608,3.114728,2.613448,2.369073,3.01765,3.004175,2.640259,2.498914,2.420745,2.287296,2.088487,2.007658,1.981935,1.822571,1.48217,1.404628,1.289116,1.255057,1.297339,1.228348,1.284388,1.348241,1.450628,1.403412,1.719541,1.934209
Russian Federation,RUS,,,,,,,,,,,,,,,,,,,,,,,,,,,,,,,,,4.427032,4.181325,4.523701,3.78443,3.756559,4.039809,2.732649,3.073288,3.30703,3.546319,3.756277,3.670838,3.300354,3.330103,3.245254,3.117487,3.148412,3.922732,3.583859,3.423448,3.685969,3.846233,4.104182,4.862758,5.452407,4.233407,3.929511
Rwanda,RWA,,,,,,,,,,,,,,1.884892,1.471545,1.628788,1.613893,2.152235,1.588163,1.747433,1.876852,2.039152,2.003056,1.895144,1.604023,1.588371,1.795535,1.675234,1.594261,1.753759,3.729166,5.509172,4.290602,4.536375,3.437877,0.607803,5.328556,4.173526,4.377647,4.448105,3.535503,3.396226,3.048934,2.44713,1.973466,1.743056,1.73088,1.453155,1.392024,1.399389,1.290516,1.161239,1.090721,1.082065,1.134413,1.253635,1.283432,1.275162,1.23182
Saudi Arabia,SAU,,,,5.902698,5.966305,7.690089,11.324232,11.511831,8.087455,9.570516,9.403527,8.640194,10.081552,10.840448,,,,15.648818,16.736574,15.768812,12.613359,13.265239,17.720246,16.972927,19.004348,16.995201,,16.896414,15.151882,13.390317,14.024293,12.469808,11.284158,12.465372,10.644782,9.278468,8.468078,11.000935,14.311037,11.381936,10.534403,11.419005,9.758064,8.687118,8.081556,7.730599,7.848367,8.527051,7.353438,9.617199,8.565677,7.230053,7.676603,8.976128,10.677906,13.325672,9.872738,10.251356,8.774719
Sudan,SDN,1.917404,1.844961,2.059524,2.149123,3.142241,4.115304,3.525151,3.654618,3.75,5.197256,4.954008,4.603365,4.19175,3.162119,2.567836,2.251082,2.666667,2.615603,2.040691,2.593152,2.302705,1.781807,2.440476,3.268686,4.084519,3.399698,3.227248,2.552713,3.551965,,4.813325,4.992301,4.389364,4.921118,3.897835,1.667984,1.269314,0.954305,2.379661,4.009786,4.791421,2.944045,3.2738,2.256184,5.78262,4.392312,4.600271,5.288046,5.920082,5.984579,,,,,,2.796116,2.955305,3.910878,2.278302
Senegal,SEN,,,,,,,,,,,,,,,,,,,,3.431135,2.75527,2.734415,2.349511,2.545885,2.407953,2.192863,2.040041,1.981188,2.111785,2.027696,2.068509,1.958107,1.828571,2.112065,1.705759,1.658686,1.575029,1.515365,1.492588,1.521945,1.332626,1.412402,1.394137,1.412117,1.339175,1.428776,1.587356,1.708607,1.62137,1.682042,1.514544,1.601338,1.382333,1.59213,1.567197,1.572173,2.072505,1.886341,1.85433
Singapore,SGP,,,,,,,,,,,5.399081,5.641703,5.085808,4.704631,4.294172,4.649257,5.044361,5.677162,5.195237,4.652016,4.636861,4.741355,4.65119,4.071469,4.698815,5.656613,5.442512,4.870612,4.547865,4.492898,4.632144,4.448357,4.471369,4.091765,3.791435,4.178798,4.253314,4.450036,5.211053,5.207354,4.518886,4.82625,4.924986,4.869648,4.416805,4.288126,3.945025,3.621781,3.877789,3.917612,3.429849,3.233042,3.15536,3.069649,3.080259,3.08585,3.188248,3.154878,3.143632
Solomon Islands,SLB,,,,,,,,,,,,,,,,,,,,,,,,,,,,,,,,,,,,,,,,,,,,,,,,,,,,,,,,,,,
Sierra Leone,SLE,,0.726554,0.714214,0.763132,0.780771,0.722648,0.692631,0.796947,0.804869,0.872658,0.934985,0.898738,0.953064,1.042461,1.213897,1.030208,1.092095,1.088417,0.999882,1.107656,1.445262,1.416189,1.090682,1.02873,0.912255,0.733104,1.474391,0.694642,0.854103,1.5429,1.306647,2.036457,2.686911,2.080121,1.991169,1.969292,1.35295,0.764917,,,2.512156,2.742527,2.164618,2.053953,1.584947,1.426814,1.486396,1.346993,0.943706,1.076033,0.97215,0.865813,0.782801,0.643966,0.973262,0.923453,1.136986,1.114004,0.797632
El Salvador,SLV,,,,,,0.738684,0.70908,0.694254,0.655571,0.715462,0.629834,0.71802,0.881573,0.864971,0.801397,0.830738,0.881847,0.971842,1.118526,1.577654,1.736336,2.279546,2.776337,3.55145,6.443282,6.589716,4.329957,4.469164,4.271324,4.872346,3.413666,2.732577,2.253577,1.678729,1.352221,1.175058,1.074409,1.007766,0.922943,0.920549,0.840331,1.09067,1.130239,0.841381,0.810214,0.904205,0.888131,0.973445,0.961812,1.078878,1.089554,1.088061,1.04881,1.080656,1.035605,1.069238,1.035453,1.051785,1.030575
San Marino,SMR,,,,,,,,,,,,,,,,,,,,,,,,,,,,,,,,,,,,,,,,,,,,,,,,,,,,,,,,,,,
Somalia,SOM,,0.230825,0.25447,0.290155,0.330488,0.296956,0.353645,0.387944,0.407227,0.41958,0.496014,0.483051,0.453608,0.505495,0.727149,0.516201,0.517513,0.460756,0.994988,0.974661,0.549735,0.60771,0.288267,0.239325,0.143128,0.05071,28.948242,16.956211,17.435717,1.529992,,,,,,,,,,,,,,,,,,,,,,,,,,,,,
Serbia,SRB,,,,,,,,,,,,,,,,,,,,,,,,,,,,,,,,,,,,,3.511286,3.786504,3.511898,4.005947,5.153943,4.027571,4.209954,3.447908,2.973162,2.397915,2.303525,2.41147,2.256683,2.286168,2.210673,2.12401,2.095175,2.020688,2.06594,1.948723,1.854185,1.959356,1.906136
South Sudan,SSD,,,,,,,,,,,,,,,,,,,,,,,,,,,,,,,,,,,,,,,,,,,,,,,,,5.761289,4.968463,4.140633,6.094415,8.771124,6.572757,8.61956,10.561461,4.598274,2.352869,1.329208
Small states,SST,,,,,,,,,,,,,,,,,,,,,,,,,,,,,,,,,,,,,,,,,,,2.342689,2.235758,1.983573,1.824472,1.726628,1.779515,1.79836,2.014353,1.739059,,,,,,,,
Sao Tome and Principe,STP,,,,,,,,,,,,,,,,,,,,,,,,,,,,,,,,,,,,,,,,,,,,,,,,,,,,,,,,,,,
Suriname,SUR,,,,,,,,,,,,,,,,,,,,,,,,,,,,,,,,,,,,,,,,,,,,,,,,,,,,,,,,,,,
Slovak Republic,SVK,,,,,,,,,,,,,,,,,,,,,,,,,,,,,,,,,,1.99636,1.939519,3.154558,2.973829,2.283116,1.744337,1.573827,1.655312,1.843161,1.776027,1.841111,1.652006,1.681441,1.596513,1.480956,1.461493,1.518203,1.271137,1.084568,1.092107,0.982879,0.988332,1.123351,1.116637,1.101933,1.205238
Slovenia,SVN,,,,,,,,,,,,,,,,,,,,,,,,,,,,,,,,,2.247233,1.817301,1.654075,1.573035,1.536363,1.401368,1.361182,1.211302,1.093166,1.300482,1.387619,1.403798,1.430652,1.414704,1.538026,1.439666,1.491916,1.590048,1.608055,1.297854,1.172522,1.053163,0.974542,0.929863,1.006427,0.982047,0.974192
Sweden,SWE,3.776971,3.720613,3.863444,3.967277,3.866198,3.912631,3.858013,3.611452,3.476547,3.459281,3.358668,3.410037,3.407964,3.278587,3.215397,3.081603,3.003113,3.101082,3.147775,3.123357,2.923452,2.948237,2.853755,2.737823,2.671961,2.673008,2.586568,2.653291,2.585287,2.508834,2.56898,2.454306,2.444193,2.386834,2.279939,2.169931,2.153181,1.967353,1.923635,1.900973,1.840977,1.717987,1.647307,1.600343,1.443062,1.41685,1.326207,1.30758,1.170806,1.177123,1.203891,1.121811,1.146719,1.126886,1.141255,1.08146,1.060108,1.033502,1.042914
Eswatini,SWZ,,,,,,,,,,,,,,,,,,1.782319,2.433096,2.458417,2.423539,2.166101,2.199561,2.255866,2.030802,1.841121,1.634512,1.429292,1.26009,1.252872,1.275975,1.384517,1.632712,1.748047,1.81809,1.693339,1.652578,1.494839,1.647209,1.684506,1.435206,1.290036,1.303787,1.470954,1.545861,1.914187,1.840266,1.840247,2.056967,2.123213,2.254165,2.149798,1.861768,1.865988,1.810893,1.68706,1.725586,1.796563,1.500062
Sint Maarten (Dutch part),SXM,,,,,,,,,,,,,,,,,,,,,,,,,,,,,,,,,,,,,,,,,,,,,,,,,,,,,,,,,,,
Seychelles,SYC,,,,,,,,,,,,,,,,,,,,,,,,,,4.290813,4.674419,4.541873,4.280385,4.276832,4.026232,4.424019,4.727387,2.759613,2.443685,2.28118,2.095749,2.02481,1.732916,1.782925,1.679333,1.778266,1.677375,1.734316,1.89764,1.602352,1.41343,1.468284,1.150193,1.020878,0.737915,0.855504,0.93668,1.036559,2.42723,1.497037,1.870055,1.480933,1.44422
Syrian Arab Republic,SYR,10.517747,9.544917,13.469985,,8.642973,8.877953,7.747177,8.213962,12.164879,10.826169,11.220588,8.436291,10.771565,15.069466,12.660145,15.948925,14.725986,14.504128,14.70561,15.928568,17.249854,14.546118,15.5594,14.638905,17.686018,16.555122,14.449681,11.21821,7.853929,7.972541,6.868087,10.425787,8.990663,7.2381,7.364143,6.949691,6.041916,5.882755,5.808381,5.81058,5.453656,5.48055,5.412501,6.248324,5.541839,5.02642,4.394447,4.100544,3.55234,4.027708,4.056142,,,,,,,,
Turks and Caicos Islands,TCA,,,,,,,,,,,,,,,,,,,,,,,,,,,,,,,,,,,,,,,,,,,,,,,,,,,,,,,,,,,
Chad,TCD,,,,,,,,,,,,,,,,,,,,,,,,4.728878,4.35757,3.663004,4.570038,2.945382,5.253623,3.935286,1.975074,,1.877133,2.679218,1.877576,1.385617,1.544636,1.075865,0.922957,1.365224,1.362045,1.354021,1.524474,1.322522,1.011625,0.831978,2.995627,4.485949,5.885153,7.955662,5.764933,5.010097,,5.592313,2.806514,2.018822,3.068475,2.238589,2.12956
Togo,TGO,,0.265563,0.546875,0.839955,2.157113,1.895386,1.337478,1.33974,1.358863,1.282235,1.368395,1.408313,1.475644,1.694915,1.491955,1.856586,2.495231,3.072275,2.714286,2.24906,2.194631,2.372481,2.259177,2.09698,2.18515,2.507983,2.845059,3.503491,3.124909,3.094069,3.122486,2.859351,2.931229,4.030656,2.584311,2.003643,,,,,,,,1.722612,1.637502,1.571423,,,1.804347,1.74299,1.79117,1.571311,1.607116,1.676177,1.80427,1.681082,1.851219,1.88558,1.97292
Thailand,THA,2.465265,2.097677,2.628547,2.61604,2.430025,2.325919,2.165368,2.426817,2.75456,2.991367,3.065299,3.560976,3.474247,2.882243,2.655439,2.795233,3.131421,3.481773,3.923714,4.380919,4.244455,4.063163,4.120369,3.953359,4.064439,4.189115,3.795328,3.361387,2.933501,2.684667,2.59425,2.645025,2.657423,2.524824,2.502383,2.290837,2.164387,2.163674,1.886506,1.677284,1.5327,1.492863,1.42894,1.323482,1.154652,1.123708,1.178375,1.425525,1.639327,1.820042,1.556067,1.594963,1.382342,1.403304,1.409466,1.433948,1.443805,1.368561,1.327513
Tajikistan,TJK,,,,,,,,,,,,,,,,,,,,,,,,,,,,,,,,,0.000366,0.003477,0.00172,1.098613,1.289141,1.695095,1.713032,1.392045,0.598175,0.580784,1.048837,1.118791,1.131336,,,,1.016553,0.954505,0.952763,1.093807,0.99914,,1.12838,1.219381,,,
Turkmenistan,TKM,,,,,,,,,,,,,,,,,,,,,,,,,,,,,,,,,,,1.797647,2.315846,2.041744,3.96227,3.114027,2.901875,,,,,,,,,,,,,,,,,,,
Timor-Leste,TLS,,,,,,,,,,,,,,,,,,,,,,,,,,,,,,,,,,,,,,,,,,,,,,0.444865,0.605916,0.816477,0.526514,1.073918,0.617431,0.343713,0.490351,0.561656,0.732905,1.191342,0.969826,0.855011,0.609203
Tonga,TON,,,,,,,,,,,,,,,,,,,,,,,,,,,,,,,,,,,,,,,,,,,,,,,,,,,,,,,,,,,
Trinidad and Tobago,TTO,,,,,,,,,0.670378,0.675372,0.754396,0.961321,0.841941,0.683449,0.420374,0.438199,0.504474,0.489526,0.514059,0.591401,0.592172,0.513444,,,,,,,,,,,,0.494774,0.489219,,,,,,,0.158025,0.216379,0.298409,0.571441,0.611629,0.629102,0.576425,0.499096,0.722413,0.645652,0.574374,0.656813,0.798817,0.721601,0.857871,1.022021,0.952965,0.778173
Tunisia,TUN,2.004788,2.215909,1.729605,1.508011,1.744186,1.287719,1.317475,1.421053,1.442685,1.314235,1.561673,1.475261,1.41452,1.398419,1.311539,1.739979,1.86239,2.381496,2.488023,2.238193,2.220025,2.715041,4.040047,4.592368,3.022269,2.567573,2.293168,2.004903,2.307,2.316997,2.012815,2.001862,1.869268,1.890486,1.900239,1.901852,2.029245,1.895379,1.846566,1.716549,1.753272,1.724076,1.677472,1.657912,1.585289,1.451601,1.446368,1.261006,1.290574,1.294957,1.29665,1.561274,1.512343,1.641779,1.908776,2.269651,2.345883,2.130722,2.089831
Turkey,TUR,3.531571,3.764543,3.711083,3.387339,3.422465,3.554419,3.143981,3.259574,3.275556,3.079338,3.256489,3.499794,3.445521,3.349451,3.193021,5.119454,4.943027,4.713623,4.187306,3.357259,3.900313,3.824532,4.298151,3.937605,3.597094,3.531043,3.637992,3.328585,2.932209,3.148727,3.527706,3.754364,3.870567,3.921417,4.051359,3.90165,4.139697,4.103672,3.184501,3.889017,3.661095,3.603457,3.795927,3.296047,2.697984,2.409371,2.418669,2.266971,2.240845,2.536591,2.324126,2.078543,2.05476,1.963253,1.902458,1.847056,2.067543,2.068141,2.504357
Tuvalu,TUV,,,,,,,,,,,,,,,,,,,,,,,,,,,,,,,,,,,,,,,,,,,,,,,,,,,,,,,,,,,
Tanzania,TZA,,,,,,,,1.423124,1.473203,1.734978,2.299978,3.097616,3.432689,4.174617,5.355133,5.360055,4.688972,5.476652,10.109111,8.502605,4.520633,5.584294,5.497602,5.414319,5.247564,5.387076,5.744621,3.151879,2.447544,2.382635,2.046484,2.181778,2.106039,1.379278,1.294114,1.627214,1.55535,1.543545,1.601972,1.487663,1.487264,1.451605,1.302598,1.074307,0.994615,0.823941,0.792124,0.773036,0.708332,0.768094,0.908924,0.916153,0.926955,1.0001,1.052521,1.133236,1.142135,1.179377,1.211864
Uganda,UGA,,,0.11329,0.369318,0.651163,1.132939,1.437236,1.623482,1.794081,1.824581,1.973029,3.468664,4.062172,3.495779,3.624842,2.822935,3.185284,2.036068,1.96665,1.6872,2.217225,1.888036,1.975985,2.218538,2.626699,2.661729,2.905918,2.586,2.459882,2.729978,2.968526,2.507998,1.659178,1.931367,2.015782,2.101511,2.210911,2.116707,2.442356,2.655734,2.363804,2.254814,2.18975,2.266123,2.365878,2.256257,2.013934,1.867984,1.804854,1.579861,3.011558,2.876396,1.435805,1.162701,1.165222,1.214494,1.257924,1.293593,1.425006
Ukraine,UKR,,,,,,,,,,,,,,,,,,,,,,,,,,,,,,,,,,0.434646,2.417772,2.734948,3.178834,3.988241,3.244032,2.883528,3.511083,2.769267,2.6762,2.745579,2.506824,2.695567,2.669242,2.753939,2.557551,2.840318,2.742031,2.258323,2.353437,2.392919,3.021145,3.973259,3.668618,3.241493,3.782803
Uruguay,URY,,,,,,,,,,,,,2.198068,3.764155,4.531456,4.286064,3.481564,3.74592,3.62108,3.800434,4.696109,6.255461,6.449307,5.381984,4.575646,4.304221,4.12128,3.039422,3.156647,3.529127,3.527402,2.394712,2.849515,2.792398,2.577706,2.714637,2.805938,2.399721,2.258134,2.394461,2.435977,2.502578,2.53014,2.237545,2.040728,2.000386,2.006178,1.777167,1.869525,1.822613,1.875808,1.719749,1.80367,1.816551,1.807429,1.820588,1.883038,1.978552,1.950774
United States,USA,8.619593,8.775733,8.944079,8.465056,7.716869,7.206953,8.070841,9.063367,8.873111,8.272944,7.6897,6.643475,6.271831,5.66875,5.729167,5.397913,4.988162,4.971381,4.762812,4.772422,4.956369,5.4332,6.566682,6.043852,5.888149,6.121309,6.302732,6.083946,5.746437,5.54685,5.27832,4.57218,4.666264,4.326937,3.941279,3.63847,3.350744,3.209909,3.017625,2.908401,2.93344,2.944343,3.249549,3.607286,3.785571,3.861065,3.81958,3.853906,4.221692,4.627103,4.657001,4.576704,4.227818,3.811199,3.480897,3.271831,3.207892,3.10901,3.162865
Uzbekistan,UZB,,,,,,,,,,,,,,,,,,,,,,,,,,,,,,,,,,,1.527482,1.108029,1.234186,1.402496,,1.63765,1.15178,0.834771,0.597793,0.538921,,,,,,,,,,,,,,,3.555483
St. Vincent and the Grenadines,VCT,,,,,,,,,,,,,,,,,,,,,,,,,,,,,,,,,,,,,,,,,,,,,,,,,,,,,,,,,,,
"Venezuela, RB",VEN,3.058044,1.422222,2.312902,2.553588,2.446689,2.636436,2.656883,2.858515,2.677376,2.498923,2.294016,2.699408,2.829268,2.47099,2.307761,2.591025,1.887491,2.067947,2.105761,1.915856,1.695515,1.521686,2.248773,2.97074,2.292052,1.369619,1.649971,1.633698,1.816105,2.793597,1.518037,1.840335,1.643479,2.145254,1.590747,1.549062,1.039483,1.795285,1.588555,1.437199,1.52657,1.555108,1.153374,1.182691,1.288302,1.831714,1.978492,1.888993,1.793553,1.23107,1.013489,1.130405,1.341472,1.669552,1.161817,0.941376,0.454046,0.487844,
British Virgin Islands,VGB,,,,,,,,,,,,,,,,,,,,,,,,,,,,,,,,,,,,,,,,,,,,,,,,,,,,,,,,,,,
Virgin Islands (U.S.),VIR,,,,,,,,,,,,,,,,,,,,,,,,,,,,,,,,,,,,,,,,,,,,,,,,,,,,,,,,,,,
Vietnam,VNM,,,,,,,,,,,,,,,,,,,,,,,,,,,,3.953768,7.10161,7.286513,7.910857,5.595317,3.374588,2.258695,2.649355,,,,,,,,,2.128641,2.01438,1.780961,1.938365,2.304757,2.156373,2.265209,2.305049,1.9821,2.156886,2.17685,2.285508,2.361156,2.442961,2.26797,2.299457
Vanuatu,VUT,,,,,,,,,,,,,,,,,,,,,,,,,,,,,,,,,,,,,,,,,,,,,,,,,,,,,,,,,,,
Samoa,WSM,,,,,,,,,,,,,,,,,,,,,,,,,,,,,,,,,,,,,,,,,,,,,,,,,,,,,,,,,,,
Kosovo,XKX,,,,,,,,,,,,,,,,,,,,,,,,,,,,,,,,,,,,,,,,,,,,,,,,,0.016303,0.481597,0.661709,0.761541,0.667563,0.687148,0.725311,0.776154,0.773671,0.795724,0.795345
"Yemen, Rep.",YEM,,,,,,,,,,,,,,,,,,,,,,,,,,,,,,,6.551183,7.011219,7.277043,7.06392,8.398759,6.350578,5.281346,5.805753,6.081569,5.172722,4.915392,5.481015,6.895608,6.854552,5.301366,4.868317,4.308467,4.850723,4.445829,5.653648,4.685557,4.926462,4.573884,4.079527,3.966891,,,,
South Africa,ZAF,0.950977,1.467849,2.254837,2.064608,2.695609,2.630829,2.704873,2.788019,2.761175,2.608479,2.333745,2.458193,2.372669,2.64691,3.085199,3.874955,4.727991,5.263335,4.562199,3.863074,3.304634,3.638129,3.614093,3.604648,3.695607,3.698334,3.820576,4.19217,4.623759,4.357885,3.896351,3.222634,2.817651,2.495524,2.561966,2.117864,1.755879,1.582134,1.383167,1.272053,1.387289,1.483161,1.52931,1.468811,1.355729,1.38377,1.290747,1.177517,1.145843,1.214002,1.115808,1.103258,1.132793,1.123274,1.109438,1.099182,1.07553,1.043663,0.98171
Zambia,ZMB,,,,,,,,,,,,,,,,,,,,,,,,,3.00142,2.361459,3.664122,3.220685,2.388344,4.195269,3.410825,2.337446,2.70505,1.429398,1.719245,1.451688,1.05181,1.007661,,1.648318,,,,,1.5809,1.674406,1.613646,1.652419,1.552422,1.44153,1.382593,1.317607,1.357852,1.359739,1.633868,1.753234,1.424504,1.3052,1.40095
Zimbabwe,ZWE,,,,,,1.189568,1.322462,1.360057,2.068127,2.422769,2.438701,2.288062,2.182843,2.625854,2.976998,3.399446,4.626714,6.538127,7.991314,8.520521,6.629086,4.864318,5.122545,5.560851,5.67765,5.486669,5.50382,5.823889,5.208707,4.931031,4.741296,4.597384,4.393014,3.812569,3.598295,3.675783,3.330274,3.463925,2.82623,2.505284,3.416348,2.867265,7.079265,2.298484,3.036586,1.627242,2.215763,,,,0.976401,1.643838,2.263931,2.343084,2.324734,2.343629,2.220728,1.930134,2.169606
